-- --------------------------------------------------------
-- Host:                         127.0.0.1
-- Versión del servidor:         10.2.12-MariaDB - mariadb.org binary distribution
-- SO del servidor:              Win64
-- HeidiSQL Versión:             9.4.0.5125
-- --------------------------------------------------------

/*!40101 SET @OLD_CHARACTER_SET_CLIENT=@@CHARACTER_SET_CLIENT */;
/*!40101 SET NAMES utf8 */;
/*!50503 SET NAMES utf8mb4 */;
/*!40014 SET @OLD_FOREIGN_KEY_CHECKS=@@FOREIGN_KEY_CHECKS, FOREIGN_KEY_CHECKS=0 */;
/*!40101 SET @OLD_SQL_MODE=@@SQL_MODE, SQL_MODE='NO_AUTO_VALUE_ON_ZERO' */;


-- Volcando estructura de base de datos para dbbzk
CREATE DATABASE IF NOT EXISTS `dbbzk2` /*!40100 DEFAULT CHARACTER SET latin1 */;
USE `dbbzk2`;

-- Volcando estructura para tabla dbbzk.access_profile
CREATE TABLE IF NOT EXISTS `access_profile` (
  `ID_ACCESS_PROFILE` int(10) NOT NULL AUTO_INCREMENT,
  `ID_PROFILE` int(10) NOT NULL,
  `ID_SYS_DASHBOARD` int(10) NOT NULL,
  PRIMARY KEY (`ID_ACCESS_PROFILE`),
  KEY `ACCES_PROFILE_VS_DASHBOARD` (`ID_SYS_DASHBOARD`),
  KEY `APP_PROFILE_VS_ACCESS` (`ID_PROFILE`),
  CONSTRAINT `ACCES_PROFILE_VS_DASHBOARD` FOREIGN KEY (`ID_SYS_DASHBOARD`) REFERENCES `system_dashboard` (`ID_SYS_DASHBOARD`),
  CONSTRAINT `APP_PROFILE_VS_ACCESS` FOREIGN KEY (`ID_PROFILE`) REFERENCES `app_profile` (`ID_PROFILE`)
) ENGINE=InnoDB DEFAULT CHARSET=latin1 COLLATE=latin1_bin;

-- Volcando datos para la tabla dbbzk.access_profile: ~0 rows (aproximadamente)
/*!40000 ALTER TABLE `access_profile` DISABLE KEYS */;
/*!40000 ALTER TABLE `access_profile` ENABLE KEYS */;

-- Volcando estructura para tabla dbbzk.account
CREATE TABLE IF NOT EXISTS `account` (
  `id_account` bigint(20) NOT NULL,
  `date_of_low` datetime DEFAULT NULL,
  `discharge_date` datetime DEFAULT NULL,
  `email` varchar(255) COLLATE latin1_bin DEFAULT NULL,
  `first_name` varchar(255) COLLATE latin1_bin DEFAULT NULL,
  `id_app_profile` bigint(20) DEFAULT NULL,
  `last_name` varchar(255) COLLATE latin1_bin DEFAULT NULL,
  `last_name2` varchar(255) COLLATE latin1_bin DEFAULT NULL,
  `nic` varchar(255) COLLATE latin1_bin DEFAULT NULL,
  `password` varchar(255) COLLATE latin1_bin DEFAULT NULL,
  PRIMARY KEY (`id_account`)
) ENGINE=InnoDB DEFAULT CHARSET=latin1 COLLATE=latin1_bin;

-- Volcando datos para la tabla dbbzk.account: ~0 rows (aproximadamente)
/*!40000 ALTER TABLE `account` DISABLE KEYS */;
/*!40000 ALTER TABLE `account` ENABLE KEYS */;

-- Volcando estructura para tabla dbbzk.app_profile
CREATE TABLE IF NOT EXISTS `app_profile` (
  `NAME` varchar(80) COLLATE latin1_bin DEFAULT NULL,
  `DESCRIPTION` varchar(255) COLLATE latin1_bin DEFAULT NULL,
  `ID_PROFILE` int(10) NOT NULL AUTO_INCREMENT,
  `VALIDATE_HOST` int(4) NOT NULL DEFAULT 0,
  PRIMARY KEY (`ID_PROFILE`)
) ENGINE=InnoDB AUTO_INCREMENT=7 DEFAULT CHARSET=latin1 COLLATE=latin1_bin COMMENT='APP ROLES';

-- Volcando datos para la tabla dbbzk.app_profile: ~6 rows (aproximadamente)
/*!40000 ALTER TABLE `app_profile` DISABLE KEYS */;
INSERT INTO `app_profile` (`NAME`, `DESCRIPTION`, `ID_PROFILE`, `VALIDATE_HOST`) VALUES
	('ROLE_USER', 'OPERADOR', 1, 2),
	('ROLE_STUDENTS', 'ESTUDIANTE - NO IMPLEMENTADO', 2, 1),
	('ROLE_TEACHERS', 'MAESTRO DENTRO DEL DOJO', 3, 1),
	('ROLE_ADMIN', 'ADMINISTRADOR DE LA APP', 4, 3),
	('CONSULTANT_AGENT', 'AGENTE DE CONSULTA - COMMUNITY MANAGER', 5, 0),
	('ROLE_SUPER_ADMIN', 'SUPER ADMINISTRADOR', 6, 3);
/*!40000 ALTER TABLE `app_profile` ENABLE KEYS */;

-- Volcando estructura para tabla dbbzk.calendar_activities
CREATE TABLE IF NOT EXISTS `calendar_activities` (
  `id_Calendar_activity` int(11) NOT NULL AUTO_INCREMENT,
  `activity_name` varchar(40) COLLATE latin1_bin NOT NULL,
  `start_day_activity` date NOT NULL,
  `end_activity_day` date NOT NULL,
  `activity_star_time` int(3) DEFAULT NULL,
  `activity_end_time` int(3) DEFAULT NULL,
  `type` int(1) NOT NULL COMMENT 'Type of activity (internal 1/external 2)',
  `publishing_social_networks` int(1) NOT NULL DEFAULT 0 COMMENT 'Publish on social networks. Not 0, if 1',
  `description` varchar(220) COLLATE latin1_bin DEFAULT NULL,
  `notice_compliance` int(2) DEFAULT NULL,
  PRIMARY KEY (`id_Calendar_activity`)
) ENGINE=InnoDB AUTO_INCREMENT=6 DEFAULT CHARSET=latin1 COLLATE=latin1_bin COMMENT='BZK Activities Calendars';

-- Volcando datos para la tabla dbbzk.calendar_activities: ~5 rows (aproximadamente)
/*!40000 ALTER TABLE `calendar_activities` DISABLE KEYS */;
INSERT INTO `calendar_activities` (`id_Calendar_activity`, `activity_name`, `start_day_activity`, `end_activity_day`, `activity_star_time`, `activity_end_time`, `type`, `publishing_social_networks`, `description`, `notice_compliance`) VALUES
	(1, 'ACTIVIDAD BZK ', '2018-04-10', '2018-04-10', 15, 17, 1, 0, NULL, NULL),
	(2, 'ACTIVIDAD BZK002 ', '2018-04-16', '2018-04-16', 13, 17, 1, 0, NULL, NULL),
	(3, 'ACTIVIDAD BZK003 ', '2018-04-19', '2018-04-19', 13, 17, 1, 0, NULL, NULL),
	(4, 'COMPETENCIA DISTRITO PMA ', '2018-04-24', '2018-04-24', 8, 17, 2, 1, NULL, NULL),
	(5, 'COMPETENCIA NACIONAL ', '2018-04-27', '2018-04-29', 8, 17, 2, 1, NULL, NULL);
/*!40000 ALTER TABLE `calendar_activities` ENABLE KEYS */;

-- Volcando estructura para tabla dbbzk.detail_payments
CREATE TABLE IF NOT EXISTS `detail_payments` (
  `id_detail_payments` int(10) NOT NULL AUTO_INCREMENT,
  `id_product` int(10) NOT NULL,
  `tax` decimal(7,2) NOT NULL,
  `id_student` int(10) NOT NULL,
  `discount` smallint(1) DEFAULT NULL,
  `payment` decimal(7,2) NOT NULL,
  `comment` varchar(80) COLLATE latin1_bin DEFAULT NULL,
  `id_payment` int(11) NOT NULL,
  PRIMARY KEY (`id_detail_payments`),
  KEY `FK_PAYMENT` (`id_payment`),
  KEY `FK_PRODUC` (`id_product`),
  KEY `FK_STUDENT` (`id_student`),
  CONSTRAINT `FK_PAYMENT` FOREIGN KEY (`id_payment`) REFERENCES `payments` (`id_payment`),
  CONSTRAINT `FK_PRODUC` FOREIGN KEY (`id_product`) REFERENCES `products` (`id_product`),
  CONSTRAINT `FK_STUDENT` FOREIGN KEY (`id_student`) REFERENCES `student` (`ID_STUDENT`)
) ENGINE=InnoDB AUTO_INCREMENT=2000000 DEFAULT CHARSET=latin1 COLLATE=latin1_bin COMMENT='Detail of payments made in the BZK system';

-- Volcando datos para la tabla dbbzk.detail_payments: ~219 rows (aproximadamente)
/*!40000 ALTER TABLE `detail_payments` DISABLE KEYS */;
INSERT INTO `detail_payments` (`id_detail_payments`, `id_product`, `tax`, `id_student`, `discount`, `payment`, `comment`, `id_payment`) VALUES
	(221, 2, 0.00, 217, 0, 85.00, '', 220),
	(222, 5, 0.00, 153, 0, 65.00, '', 220),
	(223, 6, 0.00, 154, 0, 45.00, '', 220),
	(225, 2, 0.00, 166, 0, 60.00, 'Mensualidad especial', 224),
	(227, 2, 0.00, 179, 0, 85.00, '', 226),
	(229, 2, 0.00, 136, 0, 85.00, '', 228),
	(231, 2, 0.00, 156, 0, 85.00, '', 230),
	(233, 2, 0.00, 180, 0, 85.00, '', 232),
	(235, 2, 0.00, 158, 0, 85.00, '', 234),
	(236, 1, 0.00, 158, 0, 50.00, '', 234),
	(238, 2, 0.00, 157, 0, 85.00, '', 237),
	(240, 5, 0.00, 163, 0, 65.00, '', 239),
	(241, 2, 0.00, 164, 0, 85.00, '', 239),
	(243, 2, 0.00, 160, 0, 85.00, '', 242),
	(244, 5, 0.00, 159, 0, 55.00, 'Mensualidad especial', 242),
	(246, 1, 0.00, 135, 0, 50.00, '', 245),
	(248, 2, 0.00, 135, 0, 45.00, 'Por Revisar', 247),
	(250, 2, 0.00, 168, 0, 35.00, 'Por Revisar', 249),
	(251, 5, 0.00, 169, 0, 35.00, 'Por Revisar', 249),
	(253, 2, 0.00, 149, 0, 85.00, '', 252),
	(255, 2, 0.00, 167, 0, 45.00, 'Por Revisar', 254),
	(257, 2, 0.00, 158, 0, 85.00, '', 256),
	(259, 1, 0.00, 199, 0, 50.00, '', 258),
	(261, 1, 0.00, 184, 0, 50.00, '', 260),
	(263, 1, 0.00, 183, 0, 50.00, '', 262),
	(265, 2, 0.00, 168, 0, 85.00, '', 264),
	(266, 5, 0.00, 169, 0, 55.00, '', 264),
	(268, 2, 0.00, 199, 0, 85.00, '', 267),
	(270, 2, 0.00, 175, 0, 85.00, '', 269),
	(272, 2, 0.00, 157, 0, 85.00, '', 271),
	(274, 2, 0.00, 149, 0, 85.00, '', 273),
	(276, 6, 0.00, 154, 0, 45.00, '', 275),
	(277, 2, 0.00, 153, 0, 85.00, '', 275),
	(279, 2, 0.00, 135, 0, 85.00, '', 278),
	(281, 5, 0.00, 164, 0, 65.00, '', 280),
	(282, 2, 0.00, 163, 0, 85.00, '', 280),
	(284, 2, 0.00, 136, 0, 85.00, '', 283),
	(286, 2, 0.00, 184, 0, 85.00, '', 285),
	(288, 2, 0.00, 183, 0, 85.00, '', 287),
	(290, 2, 0.00, 179, 0, 85.00, '', 289),
	(292, 5, 0.00, 160, 0, 65.00, '', 291),
	(293, 2, 0.00, 159, 0, 75.00, 'Mensualidad especial', 291),
	(295, 2, 0.00, 166, 0, 60.00, '', 294),
	(297, 2, 0.00, 167, 0, 85.00, '', 296),
	(299, 2, 0.00, 174, 0, 95.00, 'Por Revisar', 298),
	(301, 2, 0.00, 157, 0, 85.00, '', 300),
	(303, 2, 0.00, 158, 0, 85.00, '', 302),
	(305, 2, 0.00, 149, 0, 75.00, 'Por Revisar', 304),
	(307, 2, 0.00, 156, 0, 85.00, '', 306),
	(309, 5, 0.00, 163, 0, 65.00, '', 308),
	(310, 2, 0.00, 164, 0, 85.00, '', 308),
	(312, 2, 0.00, 180, 0, 85.00, '', 311),
	(314, 6, 0.00, 217, 0, 45.00, '', 313),
	(315, 2, 0.00, 153, 0, 85.00, '', 313),
	(316, 5, 0.00, 153, 0, 55.00, 'Por Revisar', 313),
	(318, 2, 0.00, 135, 0, 85.00, '', 317),
	(320, 2, 0.00, 175, 0, 85.00, '', 319),
	(322, 2, 0.00, 196, 0, 85.00, '', 321),
	(324, 1, 0.00, 161, 0, 50.00, '', 323),
	(325, 2, 0.00, 161, 0, 85.00, '', 323),
	(327, 2, 0.00, 136, 0, 85.00, '', 326),
	(329, 2, 0.00, 134, 0, 85.00, '', 328),
	(331, 2, 0.00, 179, 0, 85.00, '', 330),
	(333, 2, 0.00, 174, 0, 85.00, '', 332),
	(335, 5, 0.00, 160, 0, 65.00, '', 334),
	(336, 2, 0.00, 159, 0, 85.00, '', 334),
	(338, 2, 0.00, 199, 0, 85.00, '', 337),
	(340, 2, 0.00, 166, 0, 60.00, '', 339),
	(342, 2, 0.00, 161, 0, 85.00, 'Mensualidad de Abril', 341),
	(344, 2, 0.00, 167, 0, 85.00, '', 343),
	(346, 2, 0.00, 169, 0, 35.00, 'Medio Mes', 345),
	(348, 2, 0.00, 156, 0, 85.00, '', 347),
	(350, 5, 0.00, 163, 0, 65.00, '', 349),
	(351, 2, 0.00, 164, 0, 85.00, '', 349),
	(353, 2, 0.00, 158, 0, 85.00, '', 352),
	(355, 6, 0.00, 217, 0, 45.00, '', 354),
	(356, 2, 0.00, 153, 0, 85.00, '', 354),
	(357, 2, 0.00, 154, 0, 55.00, '', 354),
	(359, 2, 0.00, 136, 0, 85.00, '', 358),
	(361, 2, 0.00, 135, 0, 85.00, '', 360),
	(363, 2, 0.00, 166, 0, 60.00, 'Mensualidad especial', 362),
	(365, 2, 0.00, 149, 0, 85.00, '', 364),
	(367, 2, 0.00, 180, 0, 85.00, '', 366),
	(369, 2, 0.00, 170, 0, 170.00, 'Mensualidad de Abril y Marzo', 368),
	(371, 2, 0.00, 169, 0, 85.00, 'Mensualidad especial', 370),
	(372, 5, 0.00, 169, 0, 55.00, 'Mensualidad especial', 370),
	(374, 2, 0.00, 134, 0, 85.00, '', 373),
	(376, 2, 0.00, 196, 0, 85.00, '', 375),
	(378, 2, 0.00, 199, 0, 85.00, '', 377),
	(380, 2, 0.00, 175, 0, 85.00, '', 379),
	(382, 2, 0.00, 173, 0, 85.00, '', 381),
	(384, 2, 0.00, 200, 0, 85.00, '', 383),
	(386, 2, 0.00, 161, 0, 85.00, '', 385),
	(388, 2, 0.00, 179, 0, 85.00, '', 387),
	(390, 24, 0.00, 173, 0, 5.00, 'Por Revisar', 389),
	(392, 2, 0.00, 157, 0, 85.00, '', 391),
	(394, 2, 0.00, 135, 0, 85.00, '', 393),
	(396, 5, 0.00, 163, 0, 65.00, '', 395),
	(397, 2, 0.00, 164, 0, 85.00, '', 395),
	(399, 6, 0.00, 217, 0, 45.00, '', 398),
	(400, 2, 0.00, 153, 0, 85.00, '', 398),
	(401, 2, 0.00, 154, 0, 55.00, '', 398),
	(403, 2, 0.00, 156, 0, 85.00, '', 402),
	(405, 2, 0.00, 160, 0, 60.00, '', 404),
	(407, 2, 0.00, 166, 0, 60.00, 'Mensualidad especial', 406),
	(409, 2, 0.00, 174, 0, 75.00, 'Mensualidad especial', 408),
	(411, 2, 0.00, 199, 0, 85.00, '', 410),
	(413, 2, 0.00, 136, 0, 85.00, '', 412),
	(415, 2, 0.00, 134, 0, 85.00, '', 414),
	(417, 2, 0.00, 167, 0, 85.00, '', 416),
	(419, 5, 0.00, 169, 0, 65.00, '', 418),
	(420, 2, 0.00, 168, 0, 75.00, 'Mensualidad especial', 418),
	(422, 2, 0.00, 180, 0, 85.00, '', 421),
	(424, 2, 0.00, 173, 0, 85.00, '', 423),
	(426, 2, 0.00, 179, 0, 85.00, '', 425),
	(428, 2, 0.00, 175, 0, 85.00, '', 427),
	(430, 2, 0.00, 200, 0, 85.00, '', 429),
	(432, 1, 0.00, 163, 0, 50.00, '', 431),
	(433, 1, 0.00, 164, 0, 50.00, '', 431),
	(435, 2, 0.00, 149, 0, 85.00, '', 434),
	(437, 2, 0.00, 219, 0, 85.00, '', 436),
	(439, 1, 0.00, 182, 0, 50.00, '', 438),
	(440, 2, 0.00, 182, 0, 85.00, '', 438),
	(442, 5, 0.00, 160, 0, 65.00, '', 441),
	(443, 2, 0.00, 159, 0, 85.00, '', 441),
	(445, 1, 0.00, 171, 0, 50.00, '', 444),
	(446, 2, 0.00, 171, 0, 85.00, '', 444),
	(448, 2, 0.00, 157, 0, 85.00, '', 447),
	(450, 2, 0.00, 149, 0, 85.00, '', 449),
	(452, 2, 0.00, 136, 0, 85.00, '', 451),
	(454, 1, 0.00, 162, 0, 10.00, 'Abono de matricula', 453),
	(456, 2, 0.00, 201, 0, 60.00, 'Mensualidad especial', 455),
	(458, 2, 0.00, 162, 0, 85.00, '', 457),
	(460, 2, 0.00, 158, 0, 85.00, '', 459),
	(462, 1, 0.00, 162, 0, 30.00, 'Resto de la matricula', 461),
	(464, 2, 0.00, 166, 0, 60.00, 'Mensualidad especial', 463),
	(466, 2, 0.00, 156, 0, 85.00, '', 465),
	(472, 5, 0.00, 163, 0, 65.00, '', 471),
	(473, 2, 0.00, 164, 0, 85.00, '', 471),
	(475, 2, 0.00, 196, 0, 85.00, '', 474),
	(477, 2, 0.00, 170, 0, 220.00, 'Mensualidad de Mayo y junio, matricula', 476),
	(479, 5, 0.00, 160, 0, 65.00, '', 478),
	(480, 2, 0.00, 159, 0, 85.00, '', 478),
	(482, 6, 0.00, 217, 0, 45.00, '', 481),
	(483, 2, 0.00, 153, 0, 85.00, '', 481),
	(484, 5, 0.00, 154, 0, 55.00, '', 481),
	(486, 5, 0.00, 169, 0, 65.00, '', 485),
	(487, 2, 0.00, 168, 0, 75.00, '', 485),
	(489, 2, 0.00, 134, 0, 85.00, '', 488),
	(491, 1, 0.00, 181, 0, 50.00, '', 490),
	(493, 1, 0.00, 155, 0, 50.00, '', 492),
	(495, 2, 0.00, 181, 0, 85.00, '', 494),
	(498, 2, 0.00, 199, 0, 85.00, '', 497),
	(500, 2, 0.00, 167, 0, 85.00, '', 499),
	(502, 1, 0.00, 196, 0, 25.00, 'Mitad', 501),
	(504, 2, 0.00, 173, 0, 85.00, '', 503),
	(506, 1, 0.00, 203, 0, 50.00, '', 505),
	(508, 2, 0.00, 179, 0, 85.00, '', 507),
	(510, 2, 0.00, 157, 0, 85.00, '', 509),
	(512, 2, 0.00, 175, 0, 85.00, '', 511),
	(514, 6, 0.00, 217, 0, 45.00, '', 513),
	(515, 5, 0.00, 153, 0, 65.00, '', 513),
	(516, 2, 0.00, 154, 0, 75.00, 'Por Revisar', 513),
	(518, 2, 0.00, 156, 0, 85.00, '', 517),
	(520, 2, 0.00, 171, 0, 85.00, '', 519),
	(522, 2, 0.00, 218, 0, 85.00, '', 521),
	(524, 5, 0.00, 163, 0, 65.00, '', 523),
	(525, 2, 0.00, 164, 0, 85.00, '', 523),
	(527, 2, 0.00, 162, 0, 85.00, '', 526),
	(529, 2, 0.00, 155, 0, 85.00, '', 528),
	(531, 2, 0.00, 193, 0, 85.00, '', 530),
	(533, 1, 0.00, 205, 0, 50.00, '', 532),
	(535, 5, 0.00, 169, 0, 75.00, '', 534),
	(536, 2, 0.00, 168, 0, 35.00, 'pago de miguel Gonzalez', 534),
	(538, 2, 0.00, 199, 0, 85.00, '', 537),
	(540, 2, 0.00, 196, 0, 85.00, '', 539),
	(542, 2, 0.00, 149, 0, 85.00, '', 541),
	(544, 2, 0.00, 174, 0, 85.00, '', 543),
	(546, 2, 0.00, 182, 0, 85.00, '', 545),
	(548, 1, 0.00, 140, 0, 50.00, '', 547),
	(550, 2, 0.00, 173, 0, 85.00, '', 549),
	(552, 2, 0.00, 158, 0, 85.00, '', 551),
	(554, 2, 0.00, 140, 0, 85.00, '', 553),
	(556, 5, 0.00, 160, 0, 65.00, '', 555),
	(557, 2, 0.00, 159, 0, 85.00, '', 555),
	(559, 2, 0.00, 179, 0, 85.00, '', 558),
	(561, 2, 0.00, 133, 0, 85.00, '', 560),
	(563, 2, 0.00, 219, 0, 85.00, '', 562),
	(565, 2, 0.00, 134, 0, 85.00, '', 564),
	(567, 2, 0.00, 168, 0, 70.00, 'Mensualidad especial', 566),
	(569, 1, 0.00, 190, 0, 50.00, '', 568),
	(570, 2, 0.00, 190, 0, 57.00, '', 568),
	(572, 1, 0.00, 139, 0, 50.00, '', 571),
	(573, 2, 0.00, 139, 0, 85.00, '', 571),
	(575, 2, 0.00, 167, 0, 85.00, '', 574),
	(577, 2, 0.00, 166, 0, 60.00, 'Mensualidad especial', 576),
	(579, 2, 0.00, 175, 0, 85.00, '', 578),
	(581, 2, 0.00, 158, 0, 85.00, '', 580),
	(583, 2, 0.00, 203, 0, 120.00, 'Mensualidad de Agosto y restante de julio', 582),
	(585, 1, 0.00, 179, 0, 50.00, '', 584),
	(587, 2, 0.00, 136, 0, 85.00, '', 586),
	(589, 2, 0.00, 157, 0, 85.00, '', 588),
	(591, 2, 0.00, 168, 0, 85.00, 'Mensualidad especial', 590),
	(592, 2, 0.00, 169, 0, 85.00, 'Mensualidad especial', 590),
	(594, 2, 0.00, 171, 0, 85.00, '', 593),
	(596, 2, 0.00, 155, 0, 85.00, '', 595),
	(598, 2, 0.00, 205, 0, 85.00, '', 597),
	(600, 2, 0.00, 166, 0, 60.00, 'Mensualidad especial', 599),
	(602, 2, 0.00, 182, 0, 40.00, 'Por Revisar', 601),
	(604, 5, 0.00, 163, 0, 65.00, '', 603),
	(605, 2, 0.00, 164, 0, 85.00, '', 603),
	(607, 2, 0.00, 181, 0, 85.00, '', 606),
	(609, 5, 0.00, 160, 0, 65.00, '', 608),
	(610, 2, 0.00, 159, 0, 85.00, '', 608),
	(612, 2, 0.00, 162, 0, 85.00, '', 611),
	(614, 2, 0.00, 133, 0, 85.00, '', 613),
	(616, 1, 0.00, 132, 0, 50.00, '', 615),
	(618, 1, 0.00, 189, 0, 50.00, '', 617),
	(620, 2, 0.00, 149, 0, 85.00, '', 619),
	(622, 2, 0.00, 132, 0, 42.50, '', 621),
	(624, 2, 0.00, 190, 0, 85.00, '', 623),
	(626, 1, 0.00, 189, 0, 50.00, '', 625),
	(628, 2, 0.00, 189, 0, 85.00, '', 627),
	(630, 2, 0.00, 134, 0, 85.00, '', 629),
	(632, 2, 0.00, 179, 0, 85.00, '', 631),
	(634, 2, 0.00, 156, 0, 85.00, '', 633),
	(636, 1, 0.00, 207, 0, 50.00, '', 635),
	(638, 2, 0.00, 140, 0, 85.00, '', 637),
	(640, 2, 0.00, 207, 0, 85.00, '', 639),
	(642, 1, 0.00, 208, 0, 50.00, '', 641),
	(644, 2, 0.00, 167, 0, 85.00, '', 643),
	(646, 2, 0.00, 170, 0, 75.00, 'Por Revisar', 645),
	(648, 2, 0.00, 139, 0, 85.00, 'Mensualidad de Septiembre', 647),
	(650, 1, 0.00, 210, 0, 50.00, '', 649),
	(652, 2, 0.00, 174, 0, 85.00, '', 651),
	(654, 2, 0.00, 173, 0, 85.00, '', 653),
	(656, 2, 0.00, 199, 0, 85.00, '', 655),
	(658, 1, 0.00, 209, 0, 50.00, '', 657);
/*!40000 ALTER TABLE `detail_payments` ENABLE KEYS */;

-- Volcando estructura para tabla dbbzk.hibernate_sequence
CREATE TABLE IF NOT EXISTS `hibernate_sequence` (
  `next_val` bigint(20) DEFAULT NULL
) ENGINE=InnoDB DEFAULT CHARSET=latin1 COLLATE=latin1_bin;

-- Volcando datos para la tabla dbbzk.hibernate_sequence: ~2 rows (aproximadamente)
/*!40000 ALTER TABLE `hibernate_sequence` DISABLE KEYS */;
INSERT INTO `hibernate_sequence` (`next_val`) VALUES
	(664),
	(664);
/*!40000 ALTER TABLE `hibernate_sequence` ENABLE KEYS */;

-- Volcando estructura para tabla dbbzk.payments
CREATE TABLE IF NOT EXISTS `payments` (
  `id_payment` int(10) NOT NULL AUTO_INCREMENT,
  `date_registration` datetime DEFAULT NULL,
  `payday` datetime NOT NULL,
  `user_register` varchar(40) COLLATE latin1_bin NOT NULL,
  `total_payment` decimal(7,2) NOT NULL,
  `total_tax` decimal(7,2) NOT NULL DEFAULT 0.00,
  `subtotal` decimal(7,2) DEFAULT 0.00,
  `number_of_transfer` varchar(40) COLLATE latin1_bin DEFAULT NULL,
  `name_of_bank` varchar(40) COLLATE latin1_bin DEFAULT NULL,
  `type_payment` int(11) NOT NULL,
  `id_product` int(11) DEFAULT NULL,
  `id_student` int(11) DEFAULT NULL,
  PRIMARY KEY (`id_payment`),
  KEY `FK_USER_idx` (`user_register`)
) ENGINE=InnoDB AUTO_INCREMENT=1000000 DEFAULT CHARSET=latin1 COLLATE=latin1_bin COMMENT='table to register the payments';

-- Volcando datos para la tabla dbbzk.payments: ~178 rows (aproximadamente)
/*!40000 ALTER TABLE `payments` DISABLE KEYS */;
INSERT INTO `payments` (`id_payment`, `date_registration`, `payday`, `user_register`, `total_payment`, `total_tax`, `subtotal`, `number_of_transfer`, `name_of_bank`, `type_payment`, `id_product`, `id_student`) VALUES
	(220, '2018-08-09 16:21:20', '2017-01-04 00:00:00', 'bzk@admin', 195.00, 0.00, 195.00, '10000001', NULL, 576, NULL, NULL),
	(224, '2018-08-09 16:29:56', '2017-01-05 00:00:00', 'bzk@admin', 60.00, 0.00, 60.00, '10000002', NULL, 578, NULL, NULL),
	(226, '2018-08-09 16:35:10', '2017-01-05 00:00:00', 'bzk@admin', 85.00, 0.00, 85.00, '10000003', NULL, 576, NULL, NULL),
	(228, '2018-08-09 16:39:25', '2017-01-05 00:00:00', 'bzk@admin', 85.00, 0.00, 85.00, '10000004', NULL, 576, NULL, NULL),
	(230, '2018-08-09 16:40:32', '2017-01-05 00:00:00', 'bzk@admin', 85.00, 0.00, 85.00, '10000005', NULL, 576, NULL, NULL),
	(232, '2018-08-09 17:11:14', '2017-01-05 00:00:00', 'bzk@admin', 85.00, 0.00, 85.00, '10000006', NULL, 576, NULL, NULL),
	(234, '2018-08-09 17:12:29', '2017-01-10 00:00:00', 'bzk@admin', 135.00, 0.00, 135.00, '10000007', NULL, 576, NULL, NULL),
	(237, '2018-08-09 17:14:01', '2017-01-10 00:00:00', 'bzk@admin', 85.00, 0.00, 85.00, '10000008', NULL, 576, NULL, NULL),
	(239, '2018-08-09 17:17:32', '2017-01-11 00:00:00', 'bzk@admin', 150.00, 0.00, 150.00, '10000009', NULL, 576, NULL, NULL),
	(242, '2018-08-09 17:22:55', '2017-01-13 00:00:00', 'bzk@admin', 140.00, 0.00, 140.00, '10000010', NULL, 576, NULL, NULL),
	(245, '2018-08-09 17:25:28', '2017-01-16 00:00:00', 'bzk@admin', 50.00, 0.00, 50.00, '10000011', NULL, 576, NULL, NULL),
	(247, '2018-08-09 17:27:27', '2017-01-16 00:00:00', 'bzk@admin', 45.00, 0.00, 45.00, '10000012', NULL, 576, NULL, NULL),
	(249, '2018-08-09 17:31:21', '2017-01-17 00:00:00', 'bzk@admin', 70.00, 0.00, 70.00, '10000013', NULL, 576, NULL, NULL),
	(252, '2018-08-09 17:41:52', '2017-01-23 00:00:00', 'bzk@admin', 85.00, 0.00, 85.00, '10000014', NULL, 576, NULL, NULL),
	(254, '2018-08-09 17:43:03', '2017-01-27 00:00:00', 'bzk@admin', 45.00, 0.00, 45.00, '10000015', NULL, 576, NULL, NULL),
	(256, '2018-08-09 17:43:58', '2017-02-01 00:00:00', 'bzk@admin', 85.00, 0.00, 85.00, '10000016', NULL, 576, NULL, NULL),
	(258, '2018-08-09 17:45:01', '2017-02-10 00:00:00', 'bzk@admin', 50.00, 0.00, 50.00, '10000017', NULL, 576, NULL, NULL),
	(260, '2018-08-09 17:45:55', '2017-02-11 00:00:00', 'bzk@admin', 50.00, 0.00, 50.00, '10000018', NULL, 576, NULL, NULL),
	(262, '2018-08-09 17:46:33', '2017-02-13 00:00:00', 'bzk@admin', 50.00, 0.00, 50.00, '10000019', NULL, 576, NULL, NULL),
	(264, '2018-08-09 17:48:17', '2017-02-14 00:00:00', 'bzk@admin', 140.00, 0.00, 140.00, '10000020', NULL, 576, NULL, NULL),
	(267, '2018-08-09 17:48:49', '2017-02-14 00:00:00', 'bzk@admin', 85.00, 0.00, 85.00, '10000021', NULL, 576, NULL, NULL),
	(269, '2018-08-09 17:49:29', '2017-02-14 00:00:00', 'bzk@admin', 85.00, 0.00, 85.00, '10000022', NULL, 576, NULL, NULL),
	(271, '2018-08-09 17:50:37', '2017-02-14 00:00:00', 'bzk@admin', 85.00, 0.00, 85.00, '10000023', NULL, 576, NULL, NULL),
	(273, '2018-08-09 17:51:05', '2017-02-15 00:00:00', 'bzk@admin', 85.00, 0.00, 85.00, '10000024', NULL, 576, NULL, NULL),
	(275, '2018-08-09 17:58:27', '2017-02-15 00:00:00', 'bzk@admin', 130.00, 0.00, 130.00, '10000025', NULL, 576, NULL, NULL),
	(278, '2018-08-09 17:59:48', '2017-02-17 00:00:00', 'bzk@admin', 85.00, 0.00, 85.00, '10000026', NULL, 576, NULL, NULL),
	(280, '2018-08-09 18:03:12', '2017-02-20 00:00:00', 'bzk@admin', 150.00, 0.00, 150.00, '10000027', NULL, 576, NULL, NULL),
	(283, '2018-08-09 18:05:33', '2017-02-20 00:00:00', 'bzk@admin', 85.00, 0.00, 85.00, '10000028', NULL, 576, NULL, NULL),
	(285, '2018-08-09 18:06:11', '2017-02-20 00:00:00', 'bzk@admin', 85.00, 0.00, 85.00, '10000029', NULL, 576, NULL, NULL),
	(287, '2018-08-09 18:18:39', '2017-02-20 00:00:00', 'bzk@admin', 85.00, 0.00, 85.00, '10000030', NULL, 576, NULL, NULL),
	(289, '2018-08-09 18:19:34', '2017-02-23 00:00:00', 'bzk@admin', 85.00, 0.00, 85.00, '10000031', NULL, 576, NULL, NULL),
	(291, '2018-08-09 18:24:33', '2017-02-24 00:00:00', 'bzk@admin', 140.00, 0.00, 140.00, '10000032', NULL, 576, NULL, NULL),
	(294, '2018-08-09 18:28:56', '2017-02-24 00:00:00', 'bzk@admin', 60.00, 0.00, 60.00, '10000033', NULL, 576, NULL, NULL),
	(296, '2018-08-09 18:32:25', '2017-02-24 00:00:00', 'bzk@admin', 85.00, 0.00, 85.00, '10000034', NULL, 576, NULL, NULL),
	(298, '2018-08-09 18:35:49', '2017-03-01 00:00:00', 'bzk@admin', 95.00, 0.00, 95.00, '10000035', NULL, 576, NULL, NULL),
	(300, '2018-08-09 18:36:22', '2017-03-01 00:00:00', 'bzk@admin', 85.00, 0.00, 85.00, '10000036', NULL, 576, NULL, NULL),
	(302, '2018-08-09 18:37:03', '2017-03-01 00:00:00', 'bzk@admin', 85.00, 0.00, 85.00, '10000037', NULL, 576, NULL, NULL),
	(304, '2018-08-09 18:37:50', '2017-03-02 00:00:00', 'bzk@admin', 75.00, 0.00, 75.00, '10000038', NULL, 576, NULL, NULL),
	(306, '2018-08-09 18:38:56', '2017-03-02 00:00:00', 'bzk@admin', 85.00, 0.00, 85.00, '10000039', NULL, 576, NULL, NULL),
	(308, '2018-08-09 18:40:29', '2017-03-02 00:00:00', 'bzk@admin', 150.00, 0.00, 150.00, '10000040', NULL, 576, NULL, NULL),
	(311, '2018-08-09 18:41:15', '2017-03-02 00:00:00', 'bzk@admin', 85.00, 0.00, 85.00, '10000041', NULL, 576, NULL, NULL),
	(313, '2018-08-09 18:43:40', '2017-03-04 00:00:00', 'bzk@admin', 185.00, 0.00, 185.00, '10000042', NULL, 576, NULL, NULL),
	(317, '2018-08-09 18:45:35', '2017-03-06 00:00:00', 'bzk@admin', 85.00, 0.00, 85.00, '10000043', NULL, 576, NULL, NULL),
	(319, '2018-08-09 18:47:03', '2017-03-09 00:00:00', 'bzk@admin', 85.00, 0.00, 85.00, '10000044', NULL, 576, NULL, NULL),
	(321, '2018-08-09 18:48:08', '2017-03-09 00:00:00', 'bzk@admin', 85.00, 0.00, 85.00, '10000045', NULL, 576, NULL, NULL),
	(323, '2018-08-09 18:50:09', '2017-03-14 00:00:00', 'bzk@admin', 135.00, 0.00, 135.00, '10000046', NULL, 576, NULL, NULL),
	(326, '2018-08-09 18:50:40', '2017-03-15 00:00:00', 'bzk@admin', 85.00, 0.00, 85.00, '10000047', NULL, 576, NULL, NULL),
	(328, '2018-08-09 18:51:26', '2017-03-15 00:00:00', 'bzk@admin', 85.00, 0.00, 85.00, '10000048', NULL, 576, NULL, NULL),
	(330, '2018-08-09 18:52:04', '2017-03-15 00:00:00', 'bzk@admin', 85.00, 0.00, 85.00, '10000049', NULL, 576, NULL, NULL),
	(332, '2018-08-09 18:56:34', '2017-03-16 00:00:00', 'bzk@admin', 85.00, 0.00, 85.00, '10000050', NULL, 576, NULL, NULL),
	(334, '2018-08-09 18:57:34', '2017-03-17 00:00:00', 'bzk@admin', 150.00, 0.00, 150.00, '10000051', NULL, 576, NULL, NULL),
	(337, '2018-08-09 18:58:01', '2017-03-20 00:00:00', 'bzk@admin', 85.00, 0.00, 85.00, '10000052', NULL, 576, NULL, NULL),
	(339, '2018-08-09 18:58:51', '2017-03-20 00:00:00', 'bzk@admin', 60.00, 0.00, 60.00, '10000053', NULL, 576, NULL, NULL),
	(341, '2018-08-09 19:00:13', '2017-03-27 00:00:00', 'bzk@admin', 85.00, 0.00, 85.00, '10000054', NULL, 576, NULL, NULL),
	(343, '2018-08-09 19:01:15', '2017-03-31 00:00:00', 'bzk@admin', 85.00, 0.00, 85.00, '10000055', NULL, 576, NULL, NULL),
	(345, '2018-08-09 19:02:26', '2017-03-31 00:00:00', 'bzk@admin', 35.00, 0.00, 35.00, '10000056', NULL, 576, NULL, NULL),
	(347, '2018-08-09 19:15:46', '2017-04-04 00:00:00', 'bzk@admin', 85.00, 0.00, 85.00, '10000057', NULL, 576, NULL, NULL),
	(349, '2018-08-09 19:16:43', '2017-04-03 00:00:00', 'bzk@admin', 150.00, 0.00, 150.00, '10000058', NULL, 576, NULL, NULL),
	(352, '2018-08-09 19:17:27', '2017-04-03 00:00:00', 'bzk@admin', 85.00, 0.00, 85.00, '10000059', NULL, 576, NULL, NULL),
	(354, '2018-08-09 19:19:31', '2017-04-05 00:00:00', 'bzk@admin', 185.00, 0.00, 185.00, '10000060', NULL, 576, NULL, NULL),
	(358, '2018-08-09 19:20:02', '2017-04-06 00:00:00', 'bzk@admin', 85.00, 0.00, 85.00, '10000061', NULL, 576, NULL, NULL),
	(360, '2018-08-09 19:22:09', '2017-04-06 00:00:00', 'bzk@admin', 85.00, 0.00, 85.00, '10000062', NULL, 576, NULL, NULL),
	(362, '2018-08-09 19:22:46', '2018-08-09 00:00:00', 'bzk@admin', 60.00, 0.00, 60.00, '10000063', NULL, 576, NULL, NULL),
	(364, '2018-08-09 19:23:18', '2018-04-11 00:00:00', 'bzk@admin', 85.00, 0.00, 85.00, '10000064', NULL, 576, NULL, NULL),
	(366, '2018-08-09 19:23:49', '2017-04-11 00:00:00', 'bzk@admin', 85.00, 0.00, 85.00, '10000065', NULL, 576, NULL, NULL),
	(368, '2018-08-09 19:24:42', '2017-04-11 00:00:00', 'bzk@admin', 170.00, 0.00, 170.00, '10000066', NULL, 576, NULL, NULL),
	(370, '2018-08-09 19:28:37', '2017-04-12 00:00:00', 'bzk@admin', 140.00, 0.00, 140.00, '10000067', NULL, 576, NULL, NULL),
	(373, '2018-08-10 17:25:37', '2017-04-17 00:00:00', 'bzk@admin', 85.00, 0.00, 85.00, '10000068', NULL, 576, NULL, NULL),
	(375, '2018-08-10 17:32:52', '2017-04-17 00:00:00', 'bzk@admin', 85.00, 0.00, 85.00, '10000069', NULL, 576, NULL, NULL),
	(377, '2018-08-10 17:33:52', '2017-04-19 00:00:00', 'bzk@admin', 85.00, 0.00, 85.00, '10000070', NULL, 576, NULL, NULL),
	(379, '2018-08-10 17:34:21', '2017-04-19 00:00:00', 'bzk@admin', 85.00, 0.00, 85.00, '10000071', NULL, 576, NULL, NULL),
	(381, '2018-08-10 17:35:52', '2017-04-20 00:00:00', 'bzk@admin', 85.00, 0.00, 85.00, '10000072', NULL, 576, NULL, NULL),
	(383, '2018-08-10 17:36:42', '2017-04-20 00:00:00', 'bzk@admin', 85.00, 0.00, 85.00, '10000073', NULL, 576, NULL, NULL),
	(385, '2018-08-10 17:38:00', '2018-08-10 00:00:00', 'bzk@admin', 85.00, 0.00, 85.00, '10000074', NULL, 576, NULL, NULL),
	(387, '2018-08-10 17:38:32', '2017-04-28 00:00:00', 'bzk@admin', 85.00, 0.00, 85.00, '10000075', NULL, 576, NULL, NULL),
	(389, '2018-08-10 17:39:54', '2018-08-10 00:00:00', 'bzk@admin', 5.00, 0.00, 5.00, '10000076', NULL, 576, NULL, NULL),
	(391, '2018-08-10 17:40:22', '2017-04-28 00:00:00', 'bzk@admin', 85.00, 0.00, 85.00, '10000077', NULL, 576, NULL, NULL),
	(393, '2018-08-10 17:46:30', '2017-05-02 00:00:00', 'bzk@admin', 85.00, 0.00, 85.00, '10000078', NULL, 576, NULL, NULL),
	(395, '2018-08-10 17:47:28', '2017-05-04 00:00:00', 'bzk@admin', 150.00, 0.00, 150.00, '10000079', NULL, 576, NULL, NULL),
	(398, '2018-08-10 17:49:05', '2017-05-04 00:00:00', 'bzk@admin', 185.00, 0.00, 185.00, '10000080', NULL, 576, NULL, NULL),
	(402, '2018-08-10 17:49:45', '2017-05-05 00:00:00', 'bzk@admin', 85.00, 0.00, 85.00, '10000081', NULL, 576, NULL, NULL),
	(404, '2018-08-10 17:50:35', '2017-05-05 00:00:00', 'bzk@admin', 60.00, 0.00, 60.00, '10000082', NULL, 576, NULL, NULL),
	(406, '2018-08-10 17:55:07', '2017-05-08 00:00:00', 'bzk@admin', 60.00, 0.00, 60.00, '10000083', NULL, 576, NULL, NULL),
	(408, '2018-08-10 17:55:56', '2017-05-08 00:00:00', 'bzk@admin', 75.00, 0.00, 75.00, '10000084', NULL, 576, NULL, NULL),
	(410, '2018-08-10 17:56:37', '2017-05-08 00:00:00', 'bzk@admin', 85.00, 0.00, 85.00, '10000085', NULL, 576, NULL, NULL),
	(412, '2018-08-10 17:57:02', '2017-05-08 00:00:00', 'bzk@admin', 85.00, 0.00, 85.00, '10000086', NULL, 576, NULL, NULL),
	(414, '2018-08-10 17:57:52', '2017-05-15 00:00:00', 'bzk@admin', 85.00, 0.00, 85.00, '10000087', NULL, 576, NULL, NULL),
	(416, '2018-08-10 17:58:28', '2017-05-15 00:00:00', 'bzk@admin', 85.00, 0.00, 85.00, '10000088', NULL, 576, NULL, NULL),
	(418, '2018-08-10 18:00:40', '2017-05-16 00:00:00', 'bzk@admin', 140.00, 0.00, 140.00, '10000089', NULL, 576, NULL, NULL),
	(421, '2018-08-10 18:01:13', '2017-05-16 00:00:00', 'bzk@admin', 85.00, 0.00, 85.00, '10000090', NULL, 576, NULL, NULL),
	(423, '2018-08-10 18:01:56', '2017-05-17 00:00:00', 'bzk@admin', 85.00, 0.00, 85.00, '10000091', NULL, 576, NULL, NULL),
	(425, '2018-08-10 18:05:05', '2017-05-22 00:00:00', 'bzk@admin', 85.00, 0.00, 85.00, '10000092', NULL, 576, NULL, NULL),
	(427, '2018-08-10 18:05:39', '2017-05-23 00:00:00', 'bzk@admin', 85.00, 0.00, 85.00, '10000093', NULL, 576, NULL, NULL),
	(429, '2018-08-10 18:06:29', '2017-05-23 00:00:00', 'bzk@admin', 85.00, 0.00, 85.00, '10000094', NULL, 576, NULL, NULL),
	(431, '2018-08-10 18:07:05', '2017-05-24 00:00:00', 'bzk@admin', 100.00, 0.00, 100.00, '10000095', NULL, 576, NULL, NULL),
	(434, '2018-08-10 18:07:36', '2017-05-24 00:00:00', 'bzk@admin', 85.00, 0.00, 85.00, '10000096', NULL, 576, NULL, NULL),
	(436, '2018-08-10 18:08:11', '2017-05-25 00:00:00', 'bzk@admin', 85.00, 0.00, 85.00, '10000097', NULL, 576, NULL, NULL),
	(438, '2018-08-10 18:09:01', '2017-05-29 00:00:00', 'bzk@admin', 135.00, 0.00, 135.00, '10000098', NULL, 576, NULL, NULL),
	(441, '2018-08-10 18:11:37', '2017-05-29 00:00:00', 'bzk@admin', 150.00, 0.00, 150.00, '10000099', NULL, 576, NULL, NULL),
	(444, '2018-08-10 18:12:58', '2017-06-01 00:00:00', 'bzk@admin', 135.00, 0.00, 135.00, '10000100', NULL, 576, NULL, NULL),
	(447, '2018-08-10 18:13:35', '2017-06-01 00:00:00', 'bzk@admin', 85.00, 0.00, 85.00, '10000101', NULL, 576, NULL, NULL),
	(449, '2018-08-10 18:13:56', '2017-06-02 00:00:00', 'bzk@admin', 85.00, 0.00, 85.00, '10000102', NULL, 576, NULL, NULL),
	(451, '2018-08-10 18:14:38', '2017-06-02 00:00:00', 'bzk@admin', 85.00, 0.00, 85.00, '10000103', NULL, 576, NULL, NULL),
	(453, '2018-08-10 18:15:42', '2018-08-10 00:00:00', 'bzk@admin', 10.00, 0.00, 10.00, '10000104', NULL, 576, NULL, NULL),
	(455, '2018-08-10 18:17:46', '2017-06-05 00:00:00', 'bzk@admin', 60.00, 0.00, 60.00, '10000105', NULL, 576, NULL, NULL),
	(457, '2018-08-10 18:18:11', '2017-06-05 00:00:00', 'bzk@admin', 85.00, 0.00, 85.00, '10000106', NULL, 576, NULL, NULL),
	(459, '2018-08-10 18:18:40', '2017-06-05 00:00:00', 'bzk@admin', 85.00, 0.00, 85.00, '10000107', NULL, 576, NULL, NULL),
	(461, '2018-08-10 18:20:58', '2017-06-07 00:00:00', 'bzk@admin', 30.00, 0.00, 30.00, '10000108', NULL, 576, NULL, NULL),
	(463, '2018-08-10 18:22:19', '2017-06-07 00:00:00', 'bzk@admin', 60.00, 0.00, 60.00, '10000109', NULL, 576, NULL, NULL),
	(465, '2018-08-10 18:23:08', '2017-06-12 00:00:00', 'bzk@admin', 85.00, 0.00, 85.00, '10000110', NULL, 576, NULL, NULL),
	(471, '2018-08-13 15:37:44', '2017-06-12 00:00:00', 'bzk@admin', 150.00, 0.00, 150.00, '10000111', NULL, 576, NULL, NULL),
	(474, '2018-08-13 15:38:39', '2017-06-13 00:00:00', 'bzk@admin', 85.00, 0.00, 85.00, '10000112', NULL, 576, NULL, NULL),
	(476, '2018-08-13 15:40:04', '2018-08-13 00:00:00', 'bzk@admin', 220.00, 0.00, 220.00, '10000113', NULL, 576, NULL, NULL),
	(478, '2018-08-13 15:42:30', '2017-06-14 00:00:00', 'bzk@admin', 150.00, 0.00, 150.00, '10000114', NULL, 576, NULL, NULL),
	(481, '2018-08-13 15:43:56', '2017-06-14 00:00:00', 'bzk@admin', 185.00, 0.00, 185.00, '10000115', NULL, 576, NULL, NULL),
	(485, '2018-08-13 15:45:34', '2017-06-15 00:00:00', 'bzk@admin', 140.00, 0.00, 140.00, '10000116', NULL, 576, NULL, NULL),
	(488, '2018-08-13 15:46:14', '2017-06-19 00:00:00', 'bzk@admin', 85.00, 0.00, 85.00, '10000117', NULL, 576, NULL, NULL),
	(490, '2018-08-13 15:47:12', '2017-06-21 00:00:00', 'bzk@admin', 50.00, 0.00, 50.00, '10000118', NULL, 576, NULL, NULL),
	(492, '2018-08-13 15:47:56', '2017-06-21 00:00:00', 'bzk@admin', 50.00, 0.00, 50.00, '10000119', NULL, 576, NULL, NULL),
	(494, '2018-08-13 15:48:44', '2017-06-21 00:00:00', 'bzk@admin', 85.00, 0.00, 85.00, '10000120', NULL, 576, NULL, NULL),
	(496, '2018-08-13 15:50:59', '2017-06-21 00:00:00', 'bzk@admin', 0.00, 0.00, 0.00, '10000121', NULL, 576, NULL, NULL),
	(497, '2018-08-13 15:51:04', '2017-06-21 00:00:00', 'bzk@admin', 85.00, 0.00, 85.00, '10000122', NULL, 576, NULL, NULL),
	(499, '2018-08-13 15:51:32', '2017-06-21 00:00:00', 'bzk@admin', 85.00, 0.00, 85.00, '10000123', NULL, 576, NULL, NULL),
	(501, '2018-08-13 15:53:17', '2017-06-21 00:00:00', 'bzk@admin', 25.00, 0.00, 25.00, '10000124', NULL, 576, NULL, NULL),
	(503, '2018-08-13 15:54:49', '2017-06-26 00:00:00', 'bzk@admin', 85.00, 0.00, 85.00, '10000125', NULL, 576, NULL, NULL),
	(505, '2018-08-13 15:55:23', '2017-06-27 00:00:00', 'bzk@admin', 50.00, 0.00, 50.00, '10000126', NULL, 576, NULL, NULL),
	(507, '2018-08-13 15:55:48', '2017-06-27 00:00:00', 'bzk@admin', 85.00, 0.00, 85.00, '10000127', NULL, 576, NULL, NULL),
	(509, '2018-08-13 15:56:16', '2017-06-29 00:00:00', 'bzk@admin', 85.00, 0.00, 85.00, '10000128', NULL, 576, NULL, NULL),
	(511, '2018-08-13 15:56:40', '2017-06-30 00:00:00', 'bzk@admin', 85.00, 0.00, 85.00, '10000129', NULL, 576, NULL, NULL),
	(513, '2018-08-13 15:59:36', '2017-07-03 00:00:00', 'bzk@admin', 185.00, 0.00, 185.00, '10000130', NULL, 576, NULL, NULL),
	(517, '2018-08-13 16:00:04', '2017-07-03 00:00:00', 'bzk@admin', 85.00, 0.00, 85.00, '10000131', NULL, 576, NULL, NULL),
	(519, '2018-08-13 16:00:49', '2017-07-04 00:00:00', 'bzk@admin', 85.00, 0.00, 85.00, '10000132', NULL, 576, NULL, NULL),
	(521, '2018-08-13 16:01:41', '2017-07-05 00:00:00', 'bzk@admin', 85.00, 0.00, 85.00, '10000133', NULL, 576, NULL, NULL),
	(523, '2018-08-13 16:02:13', '2017-07-05 00:00:00', 'bzk@admin', 150.00, 0.00, 150.00, '10000134', NULL, 576, NULL, NULL),
	(526, '2018-08-13 16:04:50', '2017-07-05 00:00:00', 'bzk@admin', 85.00, 0.00, 85.00, '10000135', NULL, 576, NULL, NULL),
	(528, '2018-08-13 16:11:50', '2017-07-06 00:00:00', 'bzk@admin', 85.00, 0.00, 85.00, '10000136', NULL, 576, NULL, NULL),
	(530, '2018-08-13 16:14:35', '2017-07-06 00:00:00', 'bzk@admin', 85.00, 0.00, 85.00, '10000137', NULL, 576, NULL, NULL),
	(532, '2018-08-13 16:16:04', '2017-07-07 00:00:00', 'bzk@admin', 50.00, 0.00, 50.00, '10000138', NULL, 576, NULL, NULL),
	(534, '2018-08-13 16:20:28', '2017-07-07 00:00:00', 'bzk@admin', 110.00, 0.00, 110.00, '10000139', NULL, 576, NULL, NULL),
	(537, '2018-08-13 16:40:14', '2017-07-10 00:00:00', 'bzk@admin', 85.00, 0.00, 85.00, '10000140', NULL, 576, NULL, NULL),
	(539, '2018-08-13 16:43:16', '2017-07-10 00:00:00', 'bzk@admin', 85.00, 0.00, 85.00, '10000141', NULL, 576, NULL, NULL),
	(541, '2018-08-13 16:43:41', '2017-07-10 00:00:00', 'bzk@admin', 85.00, 0.00, 85.00, '10000142', NULL, 576, NULL, NULL),
	(543, '2018-08-13 16:44:16', '2017-07-10 00:00:00', 'bzk@admin', 85.00, 0.00, 85.00, '10000143', NULL, 576, NULL, NULL),
	(545, '2018-08-13 16:44:48', '2017-07-11 00:00:00', 'bzk@admin', 85.00, 0.00, 85.00, '10000144', NULL, 576, NULL, NULL),
	(547, '2018-08-13 16:45:19', '2017-07-12 00:00:00', 'bzk@admin', 50.00, 0.00, 50.00, '10000145', NULL, 576, NULL, NULL),
	(549, '2018-08-13 16:45:44', '2017-07-12 00:00:00', 'bzk@admin', 85.00, 0.00, 85.00, '10000146', NULL, 576, NULL, NULL),
	(551, '2018-08-13 16:46:47', '2017-07-12 00:00:00', 'bzk@admin', 85.00, 0.00, 85.00, '10000147', NULL, 576, NULL, NULL),
	(553, '2018-08-13 16:47:15', '2017-07-12 00:00:00', 'bzk@admin', 85.00, 0.00, 85.00, '10000148', NULL, 576, NULL, NULL),
	(555, '2018-08-13 16:48:21', '2017-07-13 00:00:00', 'bzk@admin', 150.00, 0.00, 150.00, '10000149', NULL, 576, NULL, NULL),
	(558, '2018-08-13 16:50:44', '2017-07-14 00:00:00', 'bzk@admin', 85.00, 0.00, 85.00, '10000150', NULL, 576, NULL, NULL),
	(560, '2018-08-13 16:51:29', '2017-07-14 00:00:00', 'bzk@admin', 85.00, 0.00, 85.00, '10000151', NULL, 576, NULL, NULL),
	(562, '2018-08-13 16:52:27', '2017-07-14 00:00:00', 'bzk@admin', 85.00, 0.00, 85.00, '10000152', NULL, 576, NULL, NULL),
	(564, '2018-08-13 16:55:28', '2017-07-17 00:00:00', 'bzk@admin', 85.00, 0.00, 85.00, '10000153', NULL, 576, NULL, NULL),
	(566, '2018-08-13 16:56:16', '2018-07-17 00:00:00', 'bzk@admin', 70.00, 0.00, 70.00, '10000154', NULL, 576, NULL, NULL),
	(568, '2018-08-13 16:57:18', '2017-07-20 00:00:00', 'bzk@admin', 107.00, 0.00, 107.00, '10000155', NULL, 576, NULL, NULL),
	(571, '2018-08-13 16:57:58', '2017-07-24 00:00:00', 'bzk@admin', 135.00, 0.00, 135.00, '10000156', NULL, 576, NULL, NULL),
	(574, '2018-08-13 17:00:01', '2017-07-24 00:00:00', 'bzk@admin', 85.00, 0.00, 85.00, '10000157', NULL, 576, NULL, NULL),
	(576, '2018-08-13 17:02:41', '2017-07-31 00:00:00', 'bzk@admin', 60.00, 0.00, 60.00, '10000158', NULL, 576, NULL, NULL),
	(578, '2018-08-13 17:03:08', '2017-07-31 00:00:00', 'bzk@admin', 85.00, 0.00, 85.00, '10000159', NULL, 576, NULL, NULL),
	(580, '2018-08-14 16:45:08', '2017-08-01 00:00:00', 'bzk@admin', 85.00, 0.00, 85.00, '10000160', NULL, 576, NULL, NULL),
	(582, '2018-08-14 16:46:24', '2017-08-03 00:00:00', 'bzk@admin', 120.00, 0.00, 120.00, '10000161', NULL, 576, NULL, NULL),
	(584, '2018-08-14 16:46:59', '2017-08-04 00:00:00', 'bzk@admin', 50.00, 0.00, 50.00, '10000162', NULL, 576, NULL, NULL),
	(586, '2018-08-14 16:58:31', '2017-08-04 00:00:00', 'bzk@admin', 85.00, 0.00, 85.00, '10000163', NULL, 577, NULL, NULL),
	(588, '2018-08-14 16:59:00', '2017-08-04 00:00:00', 'bzk@admin', 85.00, 0.00, 85.00, '10000164', NULL, 576, NULL, NULL),
	(590, '2018-08-14 17:04:29', '2018-08-14 00:00:00', 'bzk@admin', 170.00, 0.00, 170.00, '10000165', NULL, 576, NULL, NULL),
	(593, '2018-08-14 17:07:31', '2017-08-07 00:00:00', 'bzk@admin', 85.00, 0.00, 85.00, '10000166', NULL, 576, NULL, NULL),
	(595, '2018-08-14 17:09:09', '2017-08-07 00:00:00', 'bzk@admin', 85.00, 0.00, 85.00, '10000167', NULL, 576, NULL, NULL),
	(597, '2018-08-14 17:09:40', '2017-08-08 00:00:00', 'bzk@admin', 85.00, 0.00, 85.00, '10000168', NULL, 576, NULL, NULL),
	(599, '2018-08-14 17:11:17', '2017-08-09 00:00:00', 'bzk@admin', 60.00, 0.00, 60.00, '10000169', NULL, 576, NULL, NULL),
	(601, '2018-08-14 17:12:13', '2017-08-09 00:00:00', 'bzk@admin', 40.00, 0.00, 40.00, '10000170', NULL, 576, NULL, NULL),
	(603, '2018-08-14 17:24:14', '2017-08-09 00:00:00', 'bzk@admin', 150.00, 0.00, 150.00, '10000171', NULL, 576, NULL, NULL),
	(606, '2018-08-14 17:25:59', '2017-08-09 00:00:00', 'bzk@admin', 85.00, 0.00, 85.00, '10000172', NULL, 576, NULL, NULL),
	(608, '2018-08-14 17:26:43', '2017-08-11 00:00:00', 'bzk@admin', 150.00, 0.00, 150.00, '10000173', NULL, 576, NULL, NULL),
	(611, '2018-08-14 17:27:17', '2017-08-11 00:00:00', 'bzk@admin', 85.00, 0.00, 85.00, '10000174', NULL, 576, NULL, NULL),
	(613, '2018-08-14 17:28:03', '2017-08-11 00:00:00', 'bzk@admin', 85.00, 0.00, 85.00, '10000175', NULL, 576, NULL, NULL),
	(615, '2018-08-14 17:29:14', '2017-08-14 00:00:00', 'bzk@admin', 50.00, 0.00, 50.00, '10000176', NULL, 576, NULL, NULL),
	(617, '2018-08-14 17:48:54', '2017-08-14 00:00:00', 'bzk@admin', 50.00, 0.00, 50.00, '10000177', NULL, 576, NULL, NULL),
	(619, '2018-08-14 17:51:56', '2017-08-14 00:00:00', 'bzk@admin', 85.00, 0.00, 85.00, '10000178', NULL, 576, NULL, NULL),
	(621, '2018-08-14 17:53:02', '2017-08-14 00:00:00', 'bzk@admin', 42.50, 0.00, 42.50, '10000179', NULL, 576, NULL, NULL),
	(623, '2018-08-14 17:55:27', '2017-08-14 00:00:00', 'bzk@admin', 85.00, 0.00, 85.00, '10000180', NULL, 576, NULL, NULL),
	(625, '2018-08-14 18:07:39', '2017-08-14 00:00:00', 'bzk@admin', 50.00, 0.00, 50.00, '10000181', NULL, 576, NULL, NULL),
	(627, '2018-08-14 18:13:39', '2017-08-14 00:00:00', 'bzk@admin', 85.00, 0.00, 85.00, '10000182', NULL, 576, NULL, NULL),
	(629, '2018-08-14 18:14:17', '2017-08-15 00:00:00', 'bzk@admin', 85.00, 0.00, 85.00, '10000183', NULL, 576, NULL, NULL),
	(631, '2018-08-14 18:15:03', '2017-08-15 00:00:00', 'bzk@admin', 85.00, 0.00, 85.00, '10000184', NULL, 576, NULL, NULL),
	(633, '2018-08-14 18:15:33', '2018-08-14 00:00:00', 'bzk@admin', 85.00, 0.00, 85.00, '10000185', NULL, 576, NULL, NULL),
	(635, '2018-08-14 18:16:35', '2017-08-17 00:00:00', 'bzk@admin', 50.00, 0.00, 50.00, '10000186', NULL, 576, NULL, NULL),
	(637, '2018-08-14 18:18:01', '2017-08-17 00:00:00', 'bzk@admin', 85.00, 0.00, 85.00, '10000187', NULL, 576, NULL, NULL),
	(639, '2018-08-14 18:18:55', '2017-08-17 00:00:00', 'bzk@admin', 85.00, 0.00, 85.00, '10000188', NULL, 576, NULL, NULL),
	(641, '2018-08-14 18:19:38', '2017-08-21 00:00:00', 'bzk@admin', 50.00, 0.00, 50.00, '10000189', NULL, 576, NULL, NULL),
	(643, '2018-08-14 18:20:18', '2017-08-21 00:00:00', 'bzk@admin', 85.00, 0.00, 85.00, '10000190', NULL, 576, NULL, NULL),
	(645, '2018-08-14 18:21:07', '2017-08-21 00:00:00', 'bzk@admin', 75.00, 0.00, 75.00, '10000191', NULL, 576, NULL, NULL),
	(647, '2018-08-14 18:21:59', '2017-08-21 00:00:00', 'bzk@admin', 85.00, 0.00, 85.00, '10000192', NULL, 576, NULL, NULL),
	(649, '2018-08-14 18:22:39', '2017-08-22 00:00:00', 'bzk@admin', 50.00, 0.00, 50.00, '10000193', NULL, 576, NULL, NULL),
	(651, '2018-08-14 18:23:21', '2017-08-22 00:00:00', 'bzk@admin', 85.00, 0.00, 85.00, '10000194', NULL, 576, NULL, NULL),
	(653, '2018-08-14 18:23:52', '2017-08-24 00:00:00', 'bzk@admin', 85.00, 0.00, 85.00, '10000195', NULL, 576, NULL, NULL),
	(655, '2018-08-14 18:24:17', '2017-08-24 00:00:00', 'bzk@admin', 85.00, 0.00, 85.00, '10000196', NULL, 576, NULL, NULL),
	(657, '2018-08-14 18:35:56', '2017-08-25 00:00:00', 'bzk@admin', 50.00, 0.00, 50.00, '10000197', NULL, 576, NULL, NULL);
/*!40000 ALTER TABLE `payments` ENABLE KEYS */;

-- Volcando estructura para tabla dbbzk.products
CREATE TABLE IF NOT EXISTS `products` (
  `id_product` int(10) NOT NULL AUTO_INCREMENT,
  `type` int(11) NOT NULL,
  `date_registration` date NOT NULL,
  `expiration_date` date DEFAULT NULL,
  `user_register` varchar(40) COLLATE latin1_bin DEFAULT NULL,
  `user_expiration` varchar(40) COLLATE latin1_bin DEFAULT NULL,
  `unit_price` decimal(7,2) NOT NULL,
  `tax` decimal(7,2) NOT NULL DEFAULT 0.00,
  PRIMARY KEY (`id_product`)
) ENGINE=InnoDB AUTO_INCREMENT=471 DEFAULT CHARSET=latin1 COLLATE=latin1_bin COMMENT='table to register the products';

-- Volcando datos para la tabla dbbzk.products: ~37 rows (aproximadamente)
/*!40000 ALTER TABLE `products` DISABLE KEYS */;
INSERT INTO `products` (`id_product`, `type`, `date_registration`, `expiration_date`, `user_register`, `user_expiration`, `unit_price`, `tax`) VALUES
	(1, 305, '2018-03-30', '2999-12-31', 'JVEGA', ' ', 50.00, 0.00),
	(2, 306, '2018-03-30', '2999-12-31', 'JVEGA', ' ', 85.00, 0.00),
	(3, 307, '2018-03-30', '2999-12-31', 'JVEGA', ' ', 5.00, 0.00),
	(4, 308, '2018-03-30', '2999-12-31', 'JVEGA', ' ', 150.00, 0.00),
	(5, 309, '2018-03-30', '2999-12-31', 'JVEGA', ' ', 65.00, 0.00),
	(6, 310, '2018-03-30', '2999-12-31', 'JVEGA', ' ', 45.00, 0.00),
	(7, 311, '2018-03-30', '2999-12-31', 'JVEGA', ' ', 48.00, 0.00),
	(8, 312, '2018-03-30', '2999-12-31', 'JVEGA', ' ', 48.00, 0.00),
	(9, 313, '2018-03-30', '2999-12-31', 'JVEGA', ' ', 48.00, 0.00),
	(10, 314, '2018-03-30', '2999-12-31', 'JVEGA', ' ', 48.00, 0.00),
	(11, 315, '2018-03-30', '2999-12-31', 'JVEGA', ' ', 48.00, 0.00),
	(12, 316, '2018-03-30', '2999-12-31', 'JVEGA', ' ', 48.00, 0.00),
	(13, 317, '2018-03-30', '2999-12-31', 'JVEGA', ' ', 50.00, 0.00),
	(14, 318, '2018-03-30', '2999-12-31', 'JVEGA', ' ', 50.00, 0.00),
	(15, 319, '2018-03-30', '2999-12-31', 'JVEGA', ' ', 50.00, 0.00),
	(16, 320, '2018-03-30', '2999-12-31', 'JVEGA', ' ', 50.00, 0.00),
	(17, 321, '2018-03-30', '2999-12-31', 'JVEGA', ' ', 27.00, 0.00),
	(18, 322, '2018-03-30', '2999-12-31', 'JVEGA', ' ', 27.00, 0.00),
	(19, 323, '2018-03-30', '2999-12-31', 'JVEGA', ' ', 30.00, 0.00),
	(20, 324, '2018-03-30', '2999-12-31', 'JVEGA', ' ', 30.00, 0.00),
	(21, 325, '2018-03-30', '2999-12-31', 'JVEGA', ' ', 30.00, 0.00),
	(22, 326, '2018-03-30', '2999-12-31', 'JVEGA', ' ', 35.00, 0.00),
	(23, 327, '2018-03-30', '2999-12-31', 'JVEGA', ' ', 25.00, 0.00),
	(24, 328, '2018-03-30', '2999-12-31', 'JVEGA', ' ', 12.00, 0.00),
	(25, 329, '2018-03-30', '2999-12-31', 'JVEGA', ' ', 12.00, 0.00),
	(26, 623, '2018-03-30', '2999-12-31', 'JVEGA', ' ', 50.00, 0.00),
	(27, 624, '2018-03-30', '2999-12-31', 'JVEGA', ' ', 55.00, 0.00),
	(28, 625, '2018-03-30', '2999-12-31', 'JVEGA', ' ', 60.00, 0.00),
	(29, 626, '2018-03-30', '2999-12-31', 'JVEGA', ' ', 65.00, 0.00),
	(30, 627, '2018-03-30', '2999-12-31', 'JVEGA', ' ', 70.00, 0.00),
	(31, 629, '2018-03-30', '2999-12-31', 'JVEGA', ' ', 75.00, 0.00),
	(32, 629, '2018-03-30', '2999-12-31', 'JVEGA', ' ', 80.00, 0.00),
	(33, 630, '2018-03-30', '2999-12-31', 'JVEGA', ' ', 85.00, 0.00),
	(34, 631, '2018-03-30', '2999-12-31', 'JVEGA', ' ', 90.00, 0.00),
	(36, 633, '2018-03-30', '2999-12-31', 'JVEGA', ' ', 45.00, 0.00),
	(37, 634, '2018-03-30', '2018-08-12', 'JVEGA', 'bzk@admin', 45.00, 0.00),
	(38, 635, '2018-03-30', '2999-12-31', 'JVEGA', ' ', 12.00, 0.00),
	(39, 636, '2018-03-30', '2999-12-31', 'JVEGA', ' ', 150.00, 0.00),
	(40, 632, '2018-03-30', '2999-12-31', 'JVEGA', ' ', 25.00, 0.00),
	(469, 634, '2018-08-12', '2018-08-12', 'bzk@admin', 'bzk@admin', 40.00, 0.00),
	(470, 634, '2018-08-12', '2999-12-31', 'bzk@admin', NULL, 45.00, 0.00);
/*!40000 ALTER TABLE `products` ENABLE KEYS */;

-- Volcando estructura para tabla dbbzk.student
CREATE TABLE IF NOT EXISTS `student` (
  `FIRST_NAME` varchar(40) COLLATE latin1_bin NOT NULL,
  `MAIL_CONTACT` varchar(60) COLLATE latin1_bin DEFAULT NULL,
  `MAIL_CONTACT2` varchar(60) COLLATE latin1_bin DEFAULT NULL,
  `SEX` smallint(1) DEFAULT NULL,
  `WEIGHT` float(5,2) DEFAULT NULL,
  `BIRTHDATE` date NOT NULL,
  `DAY_OF_INCOME` date DEFAULT NULL,
  `STATUS` smallint(1) DEFAULT NULL,
  `CATEGORY` int(3) DEFAULT NULL,
  `TELEPHONE_CONTACT` varchar(30) COLLATE latin1_bin DEFAULT NULL,
  `ADDRESS` varchar(424) COLLATE latin1_bin DEFAULT NULL,
  `DOC_ID` varchar(60) COLLATE latin1_bin NOT NULL,
  `ID_STUDENT` int(10) NOT NULL AUTO_INCREMENT,
  `ID_TEACHER` int(10) NOT NULL,
  `SURNAME` varchar(40) COLLATE latin1_bin NOT NULL,
  `SURNAME2` varchar(40) COLLATE latin1_bin NOT NULL,
  `CELLPHONE` varchar(20) COLLATE latin1_bin NOT NULL,
  `TELEPHONE_CONTACT2` varchar(20) COLLATE latin1_bin DEFAULT NULL,
  `BLOOD_TYPE` int(5) NOT NULL,
  `ALLERGY` varchar(40) COLLATE latin1_bin NOT NULL,
  `SIZE` int(5) DEFAULT NULL,
  `HEIGHT` float(5,2) DEFAULT NULL,
  `PHOTO` blob DEFAULT NULL,
  `NAME_OF_GUARDIAN` varchar(40) COLLATE latin1_bin DEFAULT NULL,
  `GUARDIAN_LAST_NAME` varchar(40) COLLATE latin1_bin DEFAULT NULL,
  `MAIL_GUARDIAN` varchar(60) COLLATE latin1_bin DEFAULT NULL,
  `PHONE_GUARDIAN` varchar(20) COLLATE latin1_bin DEFAULT NULL,
  `PHONE_GUARDIAN2` varchar(20) COLLATE latin1_bin DEFAULT NULL,
  `DOC_ID_GUARDIAN` varchar(60) COLLATE latin1_bin DEFAULT NULL,
  `CELLPHONE2` varchar(20) COLLATE latin1_bin DEFAULT NULL,
  `DATE_OF_LOW` date DEFAULT NULL,
  `LAST_NAME` varchar(20) COLLATE latin1_bin DEFAULT NULL,
  `ID_EMPLOYMENT` int(5) DEFAULT NULL,
  PRIMARY KEY (`ID_STUDENT`),
  UNIQUE KEY `ID_STUDENT` (`ID_STUDENT`),
  KEY `INDEX_TEACHER` (`ID_TEACHER`)
) ENGINE=InnoDB AUTO_INCREMENT=10000 DEFAULT CHARSET=latin1 COLLATE=latin1_bin;

-- Volcando datos para la tabla dbbzk.student: ~89 rows (aproximadamente)
/*!40000 ALTER TABLE `student` DISABLE KEYS */;
INSERT INTO `student` (`FIRST_NAME`, `MAIL_CONTACT`, `MAIL_CONTACT2`, `SEX`, `WEIGHT`, `BIRTHDATE`, `DAY_OF_INCOME`, `STATUS`, `CATEGORY`, `TELEPHONE_CONTACT`, `ADDRESS`, `DOC_ID`, `ID_STUDENT`, `ID_TEACHER`, `SURNAME`, `SURNAME2`, `CELLPHONE`, `TELEPHONE_CONTACT2`, `BLOOD_TYPE`, `ALLERGY`, `SIZE`, `HEIGHT`, `PHOTO`, `NAME_OF_GUARDIAN`, `GUARDIAN_LAST_NAME`, `MAIL_GUARDIAN`, `PHONE_GUARDIAN`, `PHONE_GUARDIAN2`, `DOC_ID_GUARDIAN`, `CELLPHONE2`, `DATE_OF_LOW`, `LAST_NAME`, `ID_EMPLOYMENT`) VALUES
	('Caleb', 'lcczone02@gmail.com', NULL, 330, 12.00, '2018-07-29', '2018-07-19', 1, 334, '62006476', 'PH 4 Islas Torre 100 Apto. 20B1, Río Abajo, Panamá', '8-1198-1787', 131, 0, 'Camarena', 'Salazar', '', '', 571, 'Mani', 580, 0.70, _binary 0xFFD8FFE000104A46494600010101006000600000FFE110EC4578696600004D4D002A000000080004013B00020000000B0000084A8769000400000001000008569C9D000100000016000010CEEA1C00070000080C0000003E000000001CEA0000000800000000000000000000000000000000000000000000000000000000000000000000000000000000000000000000000000000000000000000000000000000000000000000000000000000000000000000000000000000000000000000000000000000000000000000000000000000000000000000000000000000000000000000000000000000000000000000000000000000000000000000000000000000000000000000000000000000000000000000000000000000000000000000000000000000000000000000000000000000000000000000000000000000000000000000000000000000000000000000000000000000000000000000000000000000000000000000000000000000000000000000000000000000000000000000000000000000000000000000000000000000000000000000000000000000000000000000000000000000000000000000000000000000000000000000000000000000000000000000000000000000000000000000000000000000000000000000000000000000000000000000000000000000000000000000000000000000000000000000000000000000000000000000000000000000000000000000000000000000000000000000000000000000000000000000000000000000000000000000000000000000000000000000000000000000000000000000000000000000000000000000000000000000000000000000000000000000000000000000000000000000000000000000000000000000000000000000000000000000000000000000000000000000000000000000000000000000000000000000000000000000000000000000000000000000000000000000000000000000000000000000000000000000000000000000000000000000000000000000000000000000000000000000000000000000000000000000000000000000000000000000000000000000000000000000000000000000000000000000000000000000000000000000000000000000000000000000000000000000000000000000000000000000000000000000000000000000000000000000000000000000000000000000000000000000000000000000000000000000000000000000000000000000000000000000000000000000000000000000000000000000000000000000000000000000000000000000000000000000000000000000000000000000000000000000000000000000000000000000000000000000000000000000000000000000000000000000000000000000000000000000000000000000000000000000000000000000000000000000000000000000000000000000000000000000000000000000000000000000000000000000000000000000000000000000000000000000000000000000000000000000000000000000000000000000000000000000000000000000000000000000000000000000000000000000000000000000000000000000000000000000000000000000000000000000000000000000000000000000000000000000000000000000000000000000000000000000000000000000000000000000000000000000000000000000000000000000000000000000000000000000000000000000000000000000000000000000000000000000000000000000000000000000000000000000000000000000000000000000000000000000000000000000000000000000000000000000000000000000000000000000000000000000000000000000000000000000000000000000000000000000000000000000000000000000000000000000000000000000000000000000000000000000000000000000000000000000000000000000000000000000000000000000000000000000000000000000000000000000000000000000000000000000000000000000000000000000000000000000000000000000000000000000000000000000000000000000000000000000000000000000000000000000000000000000000000000000000000000000000000000000000000000000000000000000000000000000000000000000000000000000000000000000000000000000000000000000000000000000000000000000000000000000000000000000000000000000000000000000000000000000000000000000000000000000000000000000000000000000000000000000000000000000000000000000000000000000000000000000000000000000000000000000000000000000000000000000000000000000000000000000000000000000000000000000000000000000000000000000000000000000000000000000000000000000000000000000000000000000000000000000000000000000000000000000000000000000000000000000000000000000000000000000000000000000000000000000000000000000000000000000000000000000000000000000000000000000000000000000000000000000000000000000000000000000000000000000000000000000000000000000000000000000000000000000000000000000000000000000000000000000000000000000000000000000000000000000000000000000000000000000000000000000000000000000000000000000000000000000000000000000000000000000000000000000000000000000000000000000000000000000000000000000000000000000000000000000000000000000000000000000000000000000000000000000000000000000000000000000000000000000000000000000000000000000000000000000000000000000000000000000000000000000000000000004341424C45204F4E4441000000059003000200000014000010A49004000200000014000010B8929100020000000330360000929200020000000330360000EA1C00070000080C00000898000000001CEA000000080000000000000000000000000000000000000000000000000000000000000000000000000000000000000000000000000000000000000000000000000000000000000000000000000000000000000000000000000000000000000000000000000000000000000000000000000000000000000000000000000000000000000000000000000000000000000000000000000000000000000000000000000000000000000000000000000000000000000000000000000000000000000000000000000000000000000000000000000000000000000000000000000000000000000000000000000000000000000000000000000000000000000000000000000000000000000000000000000000000000000000000000000000000000000000000000000000000000000000000000000000000000000000000000000000000000000000000000000000000000000000000000000000000000000000000000000000000000000000000000000000000000000000000000000000000000000000000000000000000000000000000000000000000000000000000000000000000000000000000000000000000000000000000000000000000000000000000000000000000000000000000000000000000000000000000000000000000000000000000000000000000000000000000000000000000000000000000000000000000000000000000000000000000000000000000000000000000000000000000000000000000000000000000000000000000000000000000000000000000000000000000000000000000000000000000000000000000000000000000000000000000000000000000000000000000000000000000000000000000000000000000000000000000000000000000000000000000000000000000000000000000000000000000000000000000000000000000000000000000000000000000000000000000000000000000000000000000000000000000000000000000000000000000000000000000000000000000000000000000000000000000000000000000000000000000000000000000000000000000000000000000000000000000000000000000000000000000000000000000000000000000000000000000000000000000000000000000000000000000000000000000000000000000000000000000000000000000000000000000000000000000000000000000000000000000000000000000000000000000000000000000000000000000000000000000000000000000000000000000000000000000000000000000000000000000000000000000000000000000000000000000000000000000000000000000000000000000000000000000000000000000000000000000000000000000000000000000000000000000000000000000000000000000000000000000000000000000000000000000000000000000000000000000000000000000000000000000000000000000000000000000000000000000000000000000000000000000000000000000000000000000000000000000000000000000000000000000000000000000000000000000000000000000000000000000000000000000000000000000000000000000000000000000000000000000000000000000000000000000000000000000000000000000000000000000000000000000000000000000000000000000000000000000000000000000000000000000000000000000000000000000000000000000000000000000000000000000000000000000000000000000000000000000000000000000000000000000000000000000000000000000000000000000000000000000000000000000000000000000000000000000000000000000000000000000000000000000000000000000000000000000000000000000000000000000000000000000000000000000000000000000000000000000000000000000000000000000000000000000000000000000000000000000000000000000000000000000000000000000000000000000000000000000000000000000000000000000000000000000000000000000000000000000000000000000000000000000000000000000000000000000000000000000000000000000000000000000000000000000000000000000000000000000000000000000000000000000000000000000000000000000000000000000000000000000000000000000000000000000000000000000000000000000000000000000000000000000000000000000000000000000000000000000000000000000000000000000000000000000000000000000000000000000000000000000000000000000000000000000000000000000000000000000000000000000000000000000000000000000000000000000000000000000000000000000000000000000000000000000000000000000000000000000000000000000000000000000000000000000000000000000000000000000000000000000000000000000000000000000000000000000000000000000000000000000000000000000000000000000000000000000000000000000000000000000000000000000000000000000000000000000000000000000000000000000000000000000000000000000000000000000000000000000000000000000000000000000000000000000000000000000000000000000000000000000000000000000000000000000000000000000000000000000000000000000000000000000000000000000000000000000000000000000000000000000000000000000000000000000000000000000000000000000000000000323031383A30363A30362030383A34363A333700323031383A30363A30362030383A34363A33370000004300410042004C00450020004F004E00440041000000FFE10B1D687474703A2F2F6E732E61646F62652E636F6D2F7861702F312E302F003C3F787061636B657420626567696E3D27EFBBBF272069643D2757354D304D7043656869487A7265537A4E54637A6B633964273F3E0D0A3C783A786D706D65746120786D6C6E733A783D2261646F62653A6E733A6D6574612F223E3C7264663A52444620786D6C6E733A7264663D22687474703A2F2F7777772E77332E6F72672F313939392F30322F32322D7264662D73796E7461782D6E7323223E3C7264663A4465736372697074696F6E207264663A61626F75743D22757569643A66616635626464352D626133642D313164612D616433312D6433336437353138326631622220786D6C6E733A64633D22687474703A2F2F7075726C2E6F72672F64632F656C656D656E74732F312E312F222F3E3C7264663A4465736372697074696F6E207264663A61626F75743D22757569643A66616635626464352D626133642D313164612D616433312D6433336437353138326631622220786D6C6E733A786D703D22687474703A2F2F6E732E61646F62652E636F6D2F7861702F312E302F223E3C786D703A437265617465446174653E323031382D30362D30365430383A34363A33372E3036303C2F786D703A437265617465446174653E3C2F7264663A4465736372697074696F6E3E3C7264663A4465736372697074696F6E207264663A61626F75743D22757569643A66616635626464352D626133642D313164612D616433312D6433336437353138326631622220786D6C6E733A64633D22687474703A2F2F7075726C2E6F72672F64632F656C656D656E74732F312E312F223E3C64633A63726561746F723E3C7264663A53657120786D6C6E733A7264663D22687474703A2F2F7777772E77332E6F72672F313939392F30322F32322D7264662D73796E7461782D6E7323223E3C7264663A6C693E4341424C45204F4E44413C2F7264663A6C693E3C2F7264663A5365713E0D0A0909093C2F64633A63726561746F723E3C2F7264663A4465736372697074696F6E3E3C2F7264663A5244463E3C2F783A786D706D6574613E0D0A202020202020202020202020202020202020202020202020202020202020202020202020202020202020202020202020202020202020202020202020202020202020202020202020202020202020202020202020202020202020202020202020202020200A202020202020202020202020202020202020202020202020202020202020202020202020202020202020202020202020202020202020202020202020202020202020202020202020202020202020202020202020202020202020202020202020202020200A202020202020202020202020202020202020202020202020202020202020202020202020202020202020202020202020202020202020202020202020202020202020202020202020202020202020202020202020202020202020202020202020202020200A202020202020202020202020202020202020202020202020202020202020202020202020202020202020202020202020202020202020202020202020202020202020202020202020202020202020202020202020202020202020202020202020202020200A202020202020202020202020202020202020202020202020202020202020202020202020202020202020202020202020202020202020202020202020202020202020202020202020202020202020202020202020202020202020202020202020202020200A202020202020202020202020202020202020202020202020202020202020202020202020202020202020202020202020202020202020202020202020202020202020202020202020202020202020202020202020202020202020202020202020202020200A202020202020202020202020202020202020202020202020202020202020202020202020202020202020202020202020202020202020202020202020202020202020202020202020202020202020202020202020202020202020202020202020202020200A202020202020202020202020202020202020202020202020202020202020202020202020202020202020202020202020202020202020202020202020202020202020202020202020202020202020202020202020202020202020202020202020202020200A202020202020202020202020202020202020202020202020202020202020202020202020202020202020202020202020202020202020202020202020202020202020202020202020202020202020202020202020202020202020202020202020202020200A202020202020202020202020202020202020202020202020202020202020202020202020202020202020202020202020202020202020202020202020202020202020202020202020202020202020202020202020202020202020202020202020202020200A202020202020202020202020202020202020202020202020202020202020202020202020202020202020202020202020202020202020202020202020202020202020202020202020202020202020202020202020202020202020202020202020202020200A202020202020202020202020202020202020202020202020202020202020202020202020202020202020202020202020202020202020202020202020202020202020202020202020202020202020202020202020202020202020202020202020202020200A202020202020202020202020202020202020202020202020202020202020202020202020202020202020202020202020202020202020202020202020202020202020202020202020202020202020202020202020202020202020202020202020202020200A202020202020202020202020202020202020202020202020202020202020202020202020202020202020202020202020202020202020202020202020202020202020202020202020202020202020202020202020202020202020202020202020202020200A202020202020202020202020202020202020202020202020202020202020202020202020202020202020202020202020202020202020202020202020202020202020202020202020202020202020202020202020202020202020202020202020202020200A202020202020202020202020202020202020202020202020202020202020202020202020202020202020202020202020202020202020202020202020202020202020202020202020202020202020202020202020202020202020202020202020202020200A202020202020202020202020202020202020202020202020202020202020202020202020202020202020202020202020202020202020202020202020202020202020202020202020202020202020202020202020202020202020202020202020202020200A202020202020202020202020202020202020202020202020202020202020202020202020202020202020202020202020202020202020202020202020202020202020202020202020202020202020202020202020202020202020202020202020202020200A202020202020202020202020202020202020202020202020202020202020202020202020202020202020202020202020202020202020202020202020202020202020202020202020202020202020202020202020202020202020202020202020202020200A202020202020202020202020202020202020202020202020202020202020202020202020202020202020202020202020202020202020202020202020202020202020202020202020202020202020202020202020202020202020202020202020202020200A202020202020202020202020202020202020202020202020202020203C3F787061636B657420656E643D2777273F3EFFDB00430007050506050407060506080707080A110B0A09090A150F100C1118151A19181518171B1E27211B1D251D1718222E222528292B2C2B1A202F332F2A32272A2B2AFFDB0043010708080A090A140B0B142A1C181C2A2A2A2A2A2A2A2A2A2A2A2A2A2A2A2A2A2A2A2A2A2A2A2A2A2A2A2A2A2A2A2A2A2A2A2A2A2A2A2A2A2A2A2A2A2A2A2A2A2AFFC0001108003F003703012200021101031101FFC4001F0000010501010101010100000000000000000102030405060708090A0BFFC400B5100002010303020403050504040000017D01020300041105122131410613516107227114328191A1082342B1C11552D1F02433627282090A161718191A25262728292A3435363738393A434445464748494A535455565758595A636465666768696A737475767778797A838485868788898A92939495969798999AA2A3A4A5A6A7A8A9AAB2B3B4B5B6B7B8B9BAC2C3C4C5C6C7C8C9CAD2D3D4D5D6D7D8D9DAE1E2E3E4E5E6E7E8E9EAF1F2F3F4F5F6F7F8F9FAFFC4001F0100030101010101010101010000000000000102030405060708090A0BFFC400B51100020102040403040705040400010277000102031104052131061241510761711322328108144291A1B1C109233352F0156272D10A162434E125F11718191A262728292A35363738393A434445464748494A535455565758595A636465666768696A737475767778797A82838485868788898A92939495969798999AA2A3A4A5A6A7A8A9AAB2B3B4B5B6B7B8B9BAC2C3C4C5C6C7C8C9CAD2D3D4D5D6D7D8D9DAE2E3E4E5E6E7E8E9EAF2F3F4F5F6F7F8F9FAFFDA000C03010002110311003F00EF157A545A85F5AE95A7CB797F2AC504432CC7FCF5AB8895E4DF1C75568E2D3F4A8DB01F74CEA0F27B2FF5A8DD819BE24F8D37324AD0E810ADB44BD259465DBF0E82B89BAF893E25BC984B26AD3C5B4E55636DA0FE54CD2FC117BAAC467B82D047DB2B8CD5B97C031A48A1AE1B628E6A7DB413B1B7B09B57B1A3A27C60D7EC271F6CB88F52849F9A39570C07B30E9FAD7B7683AEDAF88F458352B027CA9872ADF79187553EF5F3A5DF81CA296B2B8DCC0642B77AED7E0CEA371A6EB979A15F868C5C279B12B742EBD71F51FCA9F3466AE8CA5071DCF6363450FED454999A48BC578F78CE16BEF8CB0C32C40C70DBA300DC82319CFE66BD912BCC7C64B2BF89AFB55B28F65D5ADAB5BA1382090410C47A609FCA94E56563AA8C1CA57EC497D2A242613B40238C572B75BB7B6D394EA2B9DD5EDB57B5592E6F8CD233721C36037D05665B5D5FFD8A4759A60101383CFD6B99D2BABDCEC956D6CD1D2B32A619DC0FC692CEE1E3F16689790104C776A871DD58ED3FCEB8BB8927B89016324A09E06EC56B68AF736FA959CB12B058A5590C521C83820FF3AD630E477B9C93973E963E8E738A2A366CA86E9919A2B6394D557C115C9EB9A746BE27FB631C09E108CB8E0FA9AE937F971B48FF002A28CB31E001EB9AE0B55F885A6EA9AE47A569B0BCE91B167BCC7CA081D07B7BD635ACE277E114B9EE969D4CDF12E8BE4A244D72F2D9A0CA6EC6547A66B392C74CB7D064F25958B28DC1981600FB55FF00145F24B023C8D885797F7F6AE2754BE7B8873024688C72406C6456318392DCEA9CE316EC8A8B6B034E56DA5565CF0C39AD8D12D3CCD5ED60DBBDA499413DC8CD72F0DF859151B039E36D747A36B71E8DAC5B5FDC46658E26F9954E0F208FEB5A6A9EA722F7F48AD4F6F91B9A2AA695AE685ADDAACD67A9292465A16421D3EA3FA8E28AE9567B1C324E2ED2563CC7C69F1175AD46D24D3D2E7CA8E5F95E28801C7A13D4D677C3C962B7F11DB432A89166F322607B92879FCEB97139B862186D7538603B9A9F41BD5D3FC4493CB2322DB4A67F9467381D3F1AE085DC95CFABADC91A6D53564755AC8904D14721125B2B8604F461EF595AD8339F30DC431A7411AA8156E4D6E0D42EEE9EDB261133040C3F873C561EB71A4B16E491873C2E2B68D93B33C79DED7452993F76029566CF18156354B636D63A7C864632DC23BFB2E0E3154A23E446599B76D1DEAD6BDA847730E931DBE76C56E09246325BAD53B34C587BFB54C2C2FA48D4490718E180620A9A2B2ED895B862A78239A2B9A4ACF43DA8BBAD4FFFD9, 'Luis Caleb', 'Camarena', 'lcczone02@gmail.com', '62006476', '', '63922768', '', NULL, 'Ali', 0),
	('Agustin', 'carobustillos@gmail.com', NULL, 330, 35.00, '1969-12-31', '2017-08-05', 1, 333, '2034012', 'Ricardo J Alfaro, Torre A apto 14C', '080693161', 132, 0, 'Calderon', 'Bustillos', '62525350', '3930946', 0, 'Lacteos', 582, 1.41, NULL, 'Carolina ', 'Bustillos', 'carobustillos@gmail.com', '62525350', '2034012', '12046317', '62459453', NULL, 'Andres', 620),
	('Ismael', 'aracelys.combe@gmail.com', NULL, 330, 20.00, '1969-12-31', '2017-07-07', 1, 334, '393-2723', 'Altos de Santamaria, Casa F3', '8-1145-1092', 133, 0, 'Bonilla', 'Combe', '6550-3461', '239-3526', 569, 'Nueces, Chocolate, colorantes', 581, 1.11, NULL, 'Aracelys', 'Combe', 'aracelys.combe@gmail.com', '', '', '8-797-724', '6879-4478', NULL, 'Alberto', 589),
	('Juan', 'nurys09@hotmail.com', NULL, 330, 28.00, '2009-09-28', '2016-01-21', 1, 334, '3980183', 'Condado del Rey, Edificio Rokas, torre 200, Apto 1C', '8-711-2028', 134, 0, 'Moron', 'Ruiz', '66706933', '', 571, 'Insectos', 582, 1.30, NULL, 'Nurys ', 'Ruiz', 'nurys09@hotmail.com', '6670-6933', '398-0183', '8-711-1581', '', NULL, 'Esteban', 589),
	('Mauricio', 'elym245@hotmail.com', NULL, 330, 42.00, '1969-12-31', '2015-07-08', 1, 334, '392-5663', 'Altos de Panama, Altamira Gardens, Apto BO-503', '811261688', 135, 0, 'Garcia', 'Rodriguez', '6545-5019', '', 569, 'NO', 581, 1.20, NULL, 'Mahelis ', 'Garcia', 'elym245@hotmail.com', '6545-5019', '392-5663', '8-742-2204', '', NULL, 'Daniel', 0),
	('Andres', 'gisy128@yahoo.com', NULL, 330, 26.00, '2018-07-24', '2016-07-01', 1, 334, '390-4317', 'Torres Milan', '8-1095-1471', 136, 0, 'Gomez', 'Rosales', '6253-8413', '', 569, 'NO', 582, 1.20, NULL, 'Giselle', 'De Gomez', 'gisy128@yahoo.com', '6253-8413', '', '8-345-218', '', NULL, 'De Jesus', 620),
	('Rubén', 'desconocido@server.com', NULL, 330, 85.00, '2018-07-29', NULL, 1, 588, '3456789', 'Desconocida', '9-999-9999', 137, 0, 'Vega', 'De La Cruz', '67806947', '2725761', 579, 'NO', 564, 1.63, _binary 0xFFD8FFE000104A46494600010101006000600000FFE110EC4578696600004D4D002A000000080004013B00020000000B0000084A8769000400000001000008569C9D000100000016000010CEEA1C00070000080C0000003E000000001CEA0000000800000000000000000000000000000000000000000000000000000000000000000000000000000000000000000000000000000000000000000000000000000000000000000000000000000000000000000000000000000000000000000000000000000000000000000000000000000000000000000000000000000000000000000000000000000000000000000000000000000000000000000000000000000000000000000000000000000000000000000000000000000000000000000000000000000000000000000000000000000000000000000000000000000000000000000000000000000000000000000000000000000000000000000000000000000000000000000000000000000000000000000000000000000000000000000000000000000000000000000000000000000000000000000000000000000000000000000000000000000000000000000000000000000000000000000000000000000000000000000000000000000000000000000000000000000000000000000000000000000000000000000000000000000000000000000000000000000000000000000000000000000000000000000000000000000000000000000000000000000000000000000000000000000000000000000000000000000000000000000000000000000000000000000000000000000000000000000000000000000000000000000000000000000000000000000000000000000000000000000000000000000000000000000000000000000000000000000000000000000000000000000000000000000000000000000000000000000000000000000000000000000000000000000000000000000000000000000000000000000000000000000000000000000000000000000000000000000000000000000000000000000000000000000000000000000000000000000000000000000000000000000000000000000000000000000000000000000000000000000000000000000000000000000000000000000000000000000000000000000000000000000000000000000000000000000000000000000000000000000000000000000000000000000000000000000000000000000000000000000000000000000000000000000000000000000000000000000000000000000000000000000000000000000000000000000000000000000000000000000000000000000000000000000000000000000000000000000000000000000000000000000000000000000000000000000000000000000000000000000000000000000000000000000000000000000000000000000000000000000000000000000000000000000000000000000000000000000000000000000000000000000000000000000000000000000000000000000000000000000000000000000000000000000000000000000000000000000000000000000000000000000000000000000000000000000000000000000000000000000000000000000000000000000000000000000000000000000000000000000000000000000000000000000000000000000000000000000000000000000000000000000000000000000000000000000000000000000000000000000000000000000000000000000000000000000000000000000000000000000000000000000000000000000000000000000000000000000000000000000000000000000000000000000000000000000000000000000000000000000000000000000000000000000000000000000000000000000000000000000000000000000000000000000000000000000000000000000000000000000000000000000000000000000000000000000000000000000000000000000000000000000000000000000000000000000000000000000000000000000000000000000000000000000000000000000000000000000000000000000000000000000000000000000000000000000000000000000000000000000000000000000000000000000000000000000000000000000000000000000000000000000000000000000000000000000000000000000000000000000000000000000000000000000000000000000000000000000000000000000000000000000000000000000000000000000000000000000000000000000000000000000000000000000000000000000000000000000000000000000000000000000000000000000000000000000000000000000000000000000000000000000000000000000000000000000000000000000000000000000000000000000000000000000000000000000000000000000000000000000000000000000000000000000000000000000000000000000000000000000000000000000000000000000000000000000000000000000000000000000000000000000000000000000000000000000000000000000000000000000000000000000000000000000000000000000000000000000000000000000000000000000000000000000000000000000000000000000000000000000000000000000000000000000000000000000000000000000000000000000000000000000000000000000000000000000000000000000000000000000000000000000000000000000000000000000000000000000000000000000000000000000000000000000000000000000000000000000000000000000000000000000000000000000000000000000000000000000000000000000000000000000000000000000000000000000000000000000000000000000000000000000000000000000000000000000000000000000000000000000000000000000000000000000000000000004341424C45204F4E4441000000059003000200000014000010A49004000200000014000010B8929100020000000337340000929200020000000337340000EA1C00070000080C00000898000000001CEA000000080000000000000000000000000000000000000000000000000000000000000000000000000000000000000000000000000000000000000000000000000000000000000000000000000000000000000000000000000000000000000000000000000000000000000000000000000000000000000000000000000000000000000000000000000000000000000000000000000000000000000000000000000000000000000000000000000000000000000000000000000000000000000000000000000000000000000000000000000000000000000000000000000000000000000000000000000000000000000000000000000000000000000000000000000000000000000000000000000000000000000000000000000000000000000000000000000000000000000000000000000000000000000000000000000000000000000000000000000000000000000000000000000000000000000000000000000000000000000000000000000000000000000000000000000000000000000000000000000000000000000000000000000000000000000000000000000000000000000000000000000000000000000000000000000000000000000000000000000000000000000000000000000000000000000000000000000000000000000000000000000000000000000000000000000000000000000000000000000000000000000000000000000000000000000000000000000000000000000000000000000000000000000000000000000000000000000000000000000000000000000000000000000000000000000000000000000000000000000000000000000000000000000000000000000000000000000000000000000000000000000000000000000000000000000000000000000000000000000000000000000000000000000000000000000000000000000000000000000000000000000000000000000000000000000000000000000000000000000000000000000000000000000000000000000000000000000000000000000000000000000000000000000000000000000000000000000000000000000000000000000000000000000000000000000000000000000000000000000000000000000000000000000000000000000000000000000000000000000000000000000000000000000000000000000000000000000000000000000000000000000000000000000000000000000000000000000000000000000000000000000000000000000000000000000000000000000000000000000000000000000000000000000000000000000000000000000000000000000000000000000000000000000000000000000000000000000000000000000000000000000000000000000000000000000000000000000000000000000000000000000000000000000000000000000000000000000000000000000000000000000000000000000000000000000000000000000000000000000000000000000000000000000000000000000000000000000000000000000000000000000000000000000000000000000000000000000000000000000000000000000000000000000000000000000000000000000000000000000000000000000000000000000000000000000000000000000000000000000000000000000000000000000000000000000000000000000000000000000000000000000000000000000000000000000000000000000000000000000000000000000000000000000000000000000000000000000000000000000000000000000000000000000000000000000000000000000000000000000000000000000000000000000000000000000000000000000000000000000000000000000000000000000000000000000000000000000000000000000000000000000000000000000000000000000000000000000000000000000000000000000000000000000000000000000000000000000000000000000000000000000000000000000000000000000000000000000000000000000000000000000000000000000000000000000000000000000000000000000000000000000000000000000000000000000000000000000000000000000000000000000000000000000000000000000000000000000000000000000000000000000000000000000000000000000000000000000000000000000000000000000000000000000000000000000000000000000000000000000000000000000000000000000000000000000000000000000000000000000000000000000000000000000000000000000000000000000000000000000000000000000000000000000000000000000000000000000000000000000000000000000000000000000000000000000000000000000000000000000000000000000000000000000000000000000000000000000000000000000000000000000000000000000000000000000000000000000000000000000000000000000000000000000000000000000000000000000000000000000000000000000000000000000000000000000000000000000000000000000000000000000000000000000000000000000000000000000000000000000000000000000000000000000000000000000000000000000000000000000000000000000000000000000000000000000000000000000000000000000000000000000000000000000000000000000000000000000000000000000000000000000000000000000000000000000000000000000000000000000000000000000000000000000000000000000000000000000000000000000000000000000000000000000000000000000000323031383A30363A30362030383A34343A323300323031383A30363A30362030383A34343A32330000004300410042004C00450020004F004E00440041000000FFE10B1D687474703A2F2F6E732E61646F62652E636F6D2F7861702F312E302F003C3F787061636B657420626567696E3D27EFBBBF272069643D2757354D304D7043656869487A7265537A4E54637A6B633964273F3E0D0A3C783A786D706D65746120786D6C6E733A783D2261646F62653A6E733A6D6574612F223E3C7264663A52444620786D6C6E733A7264663D22687474703A2F2F7777772E77332E6F72672F313939392F30322F32322D7264662D73796E7461782D6E7323223E3C7264663A4465736372697074696F6E207264663A61626F75743D22757569643A66616635626464352D626133642D313164612D616433312D6433336437353138326631622220786D6C6E733A64633D22687474703A2F2F7075726C2E6F72672F64632F656C656D656E74732F312E312F222F3E3C7264663A4465736372697074696F6E207264663A61626F75743D22757569643A66616635626464352D626133642D313164612D616433312D6433336437353138326631622220786D6C6E733A786D703D22687474703A2F2F6E732E61646F62652E636F6D2F7861702F312E302F223E3C786D703A437265617465446174653E323031382D30362D30365430383A34343A32332E3734333C2F786D703A437265617465446174653E3C2F7264663A4465736372697074696F6E3E3C7264663A4465736372697074696F6E207264663A61626F75743D22757569643A66616635626464352D626133642D313164612D616433312D6433336437353138326631622220786D6C6E733A64633D22687474703A2F2F7075726C2E6F72672F64632F656C656D656E74732F312E312F223E3C64633A63726561746F723E3C7264663A53657120786D6C6E733A7264663D22687474703A2F2F7777772E77332E6F72672F313939392F30322F32322D7264662D73796E7461782D6E7323223E3C7264663A6C693E4341424C45204F4E44413C2F7264663A6C693E3C2F7264663A5365713E0D0A0909093C2F64633A63726561746F723E3C2F7264663A4465736372697074696F6E3E3C2F7264663A5244463E3C2F783A786D706D6574613E0D0A202020202020202020202020202020202020202020202020202020202020202020202020202020202020202020202020202020202020202020202020202020202020202020202020202020202020202020202020202020202020202020202020202020200A202020202020202020202020202020202020202020202020202020202020202020202020202020202020202020202020202020202020202020202020202020202020202020202020202020202020202020202020202020202020202020202020202020200A202020202020202020202020202020202020202020202020202020202020202020202020202020202020202020202020202020202020202020202020202020202020202020202020202020202020202020202020202020202020202020202020202020200A202020202020202020202020202020202020202020202020202020202020202020202020202020202020202020202020202020202020202020202020202020202020202020202020202020202020202020202020202020202020202020202020202020200A202020202020202020202020202020202020202020202020202020202020202020202020202020202020202020202020202020202020202020202020202020202020202020202020202020202020202020202020202020202020202020202020202020200A202020202020202020202020202020202020202020202020202020202020202020202020202020202020202020202020202020202020202020202020202020202020202020202020202020202020202020202020202020202020202020202020202020200A202020202020202020202020202020202020202020202020202020202020202020202020202020202020202020202020202020202020202020202020202020202020202020202020202020202020202020202020202020202020202020202020202020200A202020202020202020202020202020202020202020202020202020202020202020202020202020202020202020202020202020202020202020202020202020202020202020202020202020202020202020202020202020202020202020202020202020200A202020202020202020202020202020202020202020202020202020202020202020202020202020202020202020202020202020202020202020202020202020202020202020202020202020202020202020202020202020202020202020202020202020200A202020202020202020202020202020202020202020202020202020202020202020202020202020202020202020202020202020202020202020202020202020202020202020202020202020202020202020202020202020202020202020202020202020200A202020202020202020202020202020202020202020202020202020202020202020202020202020202020202020202020202020202020202020202020202020202020202020202020202020202020202020202020202020202020202020202020202020200A202020202020202020202020202020202020202020202020202020202020202020202020202020202020202020202020202020202020202020202020202020202020202020202020202020202020202020202020202020202020202020202020202020200A202020202020202020202020202020202020202020202020202020202020202020202020202020202020202020202020202020202020202020202020202020202020202020202020202020202020202020202020202020202020202020202020202020200A202020202020202020202020202020202020202020202020202020202020202020202020202020202020202020202020202020202020202020202020202020202020202020202020202020202020202020202020202020202020202020202020202020200A202020202020202020202020202020202020202020202020202020202020202020202020202020202020202020202020202020202020202020202020202020202020202020202020202020202020202020202020202020202020202020202020202020200A202020202020202020202020202020202020202020202020202020202020202020202020202020202020202020202020202020202020202020202020202020202020202020202020202020202020202020202020202020202020202020202020202020200A202020202020202020202020202020202020202020202020202020202020202020202020202020202020202020202020202020202020202020202020202020202020202020202020202020202020202020202020202020202020202020202020202020200A202020202020202020202020202020202020202020202020202020202020202020202020202020202020202020202020202020202020202020202020202020202020202020202020202020202020202020202020202020202020202020202020202020200A202020202020202020202020202020202020202020202020202020202020202020202020202020202020202020202020202020202020202020202020202020202020202020202020202020202020202020202020202020202020202020202020202020200A202020202020202020202020202020202020202020202020202020202020202020202020202020202020202020202020202020202020202020202020202020202020202020202020202020202020202020202020202020202020202020202020202020200A202020202020202020202020202020202020202020202020202020203C3F787061636B657420656E643D2777273F3EFFDB00430007050506050407060506080707080A110B0A09090A150F100C1118151A19181518171B1E27211B1D251D1718222E222528292B2C2B1A202F332F2A32272A2B2AFFDB0043010708080A090A140B0B142A1C181C2A2A2A2A2A2A2A2A2A2A2A2A2A2A2A2A2A2A2A2A2A2A2A2A2A2A2A2A2A2A2A2A2A2A2A2A2A2A2A2A2A2A2A2A2A2A2A2A2A2AFFC00011080044003D03012200021101031101FFC4001F0000010501010101010100000000000000000102030405060708090A0BFFC400B5100002010303020403050504040000017D01020300041105122131410613516107227114328191A1082342B1C11552D1F02433627282090A161718191A25262728292A3435363738393A434445464748494A535455565758595A636465666768696A737475767778797A838485868788898A92939495969798999AA2A3A4A5A6A7A8A9AAB2B3B4B5B6B7B8B9BAC2C3C4C5C6C7C8C9CAD2D3D4D5D6D7D8D9DAE1E2E3E4E5E6E7E8E9EAF1F2F3F4F5F6F7F8F9FAFFC4001F0100030101010101010101010000000000000102030405060708090A0BFFC400B51100020102040403040705040400010277000102031104052131061241510761711322328108144291A1B1C109233352F0156272D10A162434E125F11718191A262728292A35363738393A434445464748494A535455565758595A636465666768696A737475767778797A82838485868788898A92939495969798999AA2A3A4A5A6A7A8A9AAB2B3B4B5B6B7B8B9BAC2C3C4C5C6C7C8C9CAD2D3D4D5D6D7D8D9DAE2E3E4E5E6E7E8E9EAF2F3F4F5F6F7F8F9FAFFDA000C03010002110311003F00EE956A50B4A89581E3FD59F43F04DF5D42C566651146C3F84B1C67F9D4018DE2AF8A3A4F87A47B4B41F6EBD5254AA1C221F76FF0AF39D47E356BF724C7662DED79FBEA99207E35C55BE997DAD5E18ED81624E4B13D6B465F015F470FCD2A9624645273845D99A2A5292BA4751A6FC69D7ADE64FB7476B791A8F9948F2D8FE23FC2BD63C2BE2FB0F1769CD7361BA3923204D03FDE8C9FE63DEBE799BC0D771A6E867576F4E95ABF0F353BCF0B78E6D62BDDD14374FE44B9FBAC09C03F81C51CD196C44A0E3B9F45B1AEDBC11FF2059BFEBE1BFF00415AE25F8AEDBC11FF002049BFEBE1BFF415A23B90B73968D6BCE3E36484E87A5DA2863E7DD64FA703FF00AF5E951F15C67C48B58B528F4BB42184B0DC2DCEE0B91B01DA7F9D2725135845C9D918BA75859E97A6451C36C918D801C0E738AC4D44B24BF21C827F2AC6D6357D6EEAE198ABDB5BAB32C6B0827201C64FE55CFDB6B97F2DD32ADC3302718916B91D26D5EE7A2EB457BB63A37DC58F3B403D73543594F3F4B9022832A8DC8D8E411CF5AC1BCD5AF6556065DBD776C1E94CB4B9B9F2CF97248CCDD5655EB9AB8D371D4E59D452D0FA3B45BC3A8787AC2F24FBD35BA3B7D4A8CD7A2F81CE7449BFEBE5BFF415AF2CF08CE27F0769A4214F2E11195273F778FE95EA7E0639D0E6FF00AF96FF00D056BA63B9C96B339846C0AE7FC6164D751D95C44FB1A197E639C6E5EB8AD8473581E2EF1768BA259FD9B52977DC4D80904637303D98FA0ACAAA4E2D1D387E6F68B955CE775BD2A78AC257B668DEDEE8E590A728DDF07D3BD739A3786ED7CD96767F34AFDE50B8C639AE9F52D433A39109CB6DC75E3EB5C25CDEA4309168AF24A9926407AB7A8AE68C64D1E8CE54E2EECCBD4B4D8A3D424688A90EC4E3D09A7416DE53032E085E40038CD65B5DECB867950866EACDD6B4A3BADD12B1391EBED5AB524715E3267B57872216DE18B08C0C7EE813F8F3FD6BD3FC067FE2453FFD7CB7FE82B5E69E1ED5B4BD7F4F43A6DF4398D0068646D8E9C7A1EDEE2BD3BC111AC7A2CC1244907DA5B94391F756BAA36E871C9352B496A78AEBBF159ACED9DB4BB58071F2CB22673EE07F8D7925BEA135F6B126A7A939965918C8C4FA66A19EF5AE5FCAB800381F2FF748F6AA723B47748A0ED1247B47A75EB5E7734A6FDE3EB153A3417EE9597E3F33D47C5AE6CEEAE56C462DE519403F83201C7EB5CB5C5B81A5C6B67044AD8CBCAEDC93EB5A7A96BB6D713DBC30CE9349F66512ED3C6F5F97F502B0F51024B761048B1E41241AE8B5A563C56DDAE63496E06F32A464FA8352C304A742B8B92FB23859107AB1635420120277B6E5CD6ACD7B00F07DDC6AC0CB25CAA8507A0519AAB26630BB9AF52A69D7D2DBCBBA166596339F91B07EA2BEA6F809AACFABF806EE6B994CAE9A93C796182008A2383F9D7C8C1D9674910E0D7D53FB361CFC38D40FFD45A4FF00D130D4D25699DF8DB3A376B5245FD9C7C1E2068DAFB597057019A68B29CE720F95D7FC6A33FB36783DAE2395B52D6D8C7D14CF0E0FD7F754515718AD34309CE7696A47FF000CCDE0E0FBD754D795B39C8B887FF8D5593FB3A7851976B6ABAE37B99E1FFE354514EC8C2AC9D96A40FF00B35784244DA754D740F69E1FFE35517FC330F82F615FED3D7467AFFA443FFC6A8A29D90526D26387ECCBE0D0C0FF00696B9C7FD3C43FFC6ABD03C11E08D37C03A24DA5E8F3DD4D04D70D70CD74EACC18AAAE0155518C20EDEB4514E2973155A5274ECD9FFFD9, '', '', '', '', '', '', '67806946', NULL, 'Darío', 438),
	('Kevin ', 'BZKPERFORMANCE@GMAIL.COM', NULL, 330, 55.00, '1969-12-31', '2018-07-24', 1, 332, '67475630', 'Condado del rey, Altos del Country 3000', '8-1043-1634', 138, 0, 'Monterrey', 'Concepcion', '', '', 569, 'NO', 587, 1.57, NULL, 'Deycaris', 'Concepcion', 'BZKPERFORMANCE@GMAIL.COM', '6747-5630', '', '8-703-2240', '', NULL, 'Enrique', 620),
	('Adrian', 'laurajuliaho@hotmail.com', NULL, 330, 55.00, '1969-12-31', '2017-07-24', 1, 332, '230-0468', 'Altos de Panama, Casa 11', '8-1032-87', 139, 0, 'Ho', 'Chen', '6150-9202', '', 571, 'NO', 587, 1.58, NULL, 'Julia', 'Chen', 'laurajuliaho@hotmail.com', '6150-9202', '230-0468', '1-38-701', '', NULL, 'Enrique', 620),
	('Pablo', 'lebrija@cwpanama.net', NULL, 330, 70.00, '1969-12-31', '2017-07-12', 1, 332, '2305923', 'Residencial El Country', '9-999-9999', 140, 0, 'Lebrija', 'Prado', '6218-7576', '', 569, 'NO', 587, 1.80, NULL, 'Eduardo', 'Lebrija', 'lebrija@cwpanama.net', '6218-7576', '230-5923', '8-441-796', '', NULL, 'Eduardo', 620),
	('Ricardo', 'peteradrian07@hotmail.com', NULL, 330, 62.00, '2002-02-07', '2017-07-01', 1, 332, '396-4219', 'Condado del Rey, Dorado Spring', '9-999-9999', 141, 0, 'Castillo', 'Rodriguez', '6238-0443', '', 569, 'NO', 587, 1.77, NULL, 'Sugeiry', 'Rodriguez', '', '6238-0443', '396-4219', '9-999-9999', '', NULL, 'Adrian', 620),
	('Maria', 'nandoaguilar@gmail.com', NULL, 331, 25.00, '2013-07-15', '2017-10-10', 1, 334, '230-3544', 'Desconocida', '8-1144-1470', 142, 0, 'Aguilar', 'Montalvo', '6747-5440', '', 571, 'NO', 582, 1.10, NULL, 'Fernando', 'Aguilar', 'nandoaguilar@gmail.com', '6747-5440', '230-3544', '2-713-1005', '', NULL, 'Fernanda', 620),
	('Renata', 'fanymonpa@gmail.com', NULL, 331, 20.00, '2014-07-23', '2017-10-10', 1, 334, '230-3544', 'Altos de Panama, calle A casa #6', '8-1160-2351', 143, 0, 'Aguilar', 'Montalvo', '6747-5440', '', 572, 'Lactosa/ Mds (-)', 581, 1.15, NULL, 'Fernando', 'Aguilar', 'fanymonpa@gmail.com', '6747-5440', '230-3544', '2-713-1005', '', NULL, 'Valentina', 620),
	('Manuel', 'rossymtc@gmail.com', NULL, 330, 45.00, '2008-11-08', '2017-10-03', 1, 334, '6593-5776', 'Dorado Villlage, casa 44', '8-1072-1919', 144, 0, 'Molina', 'Murcia', '6112-2523', '', 569, 'NO', 586, 1.35, NULL, 'Rossy', 'Murcia', 'rossymtc@gmail.com', '61122523', '', 'N-21-644', '', NULL, 'Esteban', 620),
	('Erick', 'rcoto040504@gmail.com', NULL, 330, 30.00, '2010-02-22', '2018-01-01', 1, 334, '388-4856', 'Residencial Horizontes, casa 32 A', '9-999-9999', 145, 0, 'Calderon', 'Coto', '6273-1258', '', 569, 'NO', 586, 1.20, NULL, 'Roxana', 'Coto', 'rcoto040504@gmail.com', '6273-1258', '388-4856', 'B01509792', '', NULL, 'Jose', 620),
	('Kevin ', 'she_liliaha12@hotmail.com', NULL, 330, 50.00, '1969-12-31', '2017-12-05', 1, 334, '267-8728', 'Altos del Country 2000 Casa #3', '9-999-9999', 146, 0, 'Hau', 'Wen', '', '', 569, 'NO', 586, 1.35, NULL, 'Liliana', 'Haw', 'she_liliaha12@hotmail.com', '6778-2812', '267-8728', '8-865-1841', '6778-2812', NULL, 'Jia', 620),
	('Christopher', 'jjlange@hotmail.com', NULL, 330, 32.00, '2013-08-26', '2018-07-30', 1, 334, '230-1372', 'Desconocida', '811-461171', 147, 0, 'Lange', 'Donado', '6030-7536', '', 569, 'NO', 583, 1.15, NULL, 'Jeniffer', 'Lange', 'jjlange@hotmail.com', '6030-7536', '230-1372', '3-712-1919', '', NULL, 'Javier', 620),
	('cristopher', 'yumali28e@yahoo.es', NULL, 330, 18.00, '2018-07-30', '2018-04-06', 1, 334, '238-5941', 'Altos de panama 3era etapa la riviera, casa 123', '8-1138-387', 148, 0, 'abrego', 'Ma', '6773-0383', '', 569, 'NO', 581, 1.10, NULL, 'yu', 'ma', 'yumali28e@yahoo.es', '6773-0383', '238-5941', 'N - 20-932', '', NULL, 'angelo', 620),
	('Alejandra', 'propertymanagment@outlook.es', NULL, 331, 25.00, '2018-07-30', '2017-10-04', 1, 334, '393-6919', 'Desconocida', '8-1090-2326', 149, 0, 'Valenzuela', 'Saavedra', '66784088', '', 571, 'picada de insectos', 586, 1.20, NULL, 'Ruben', 'Valenzuela', 'propertymanagment@outlook.es', '6678-4088', '393-6919', '8-377-134', '', NULL, 'Isabel', 620),
	('Leticia', 'ygonzalez@grupo-ba.com', NULL, 331, 18.00, '2014-07-15', '2018-01-15', 1, 334, '396-0060', 'Altos de panama, horizontes casa B25', '8-1161-1798', 150, 0, 'Andrade', 'Gonzalez', '6468-1626', '', 569, 'NO', 582, 1.05, NULL, 'Yarelis', 'Gonzalez', 'ygonzalez@grupo-ba.com', '6468-1626', '', '9-722-1912', '', NULL, 'Marie', 620),
	('Gaston', 'sarita_1082@hotmail.com', NULL, 330, 25.00, '2013-03-27', '2018-04-13', 1, 334, '387-5086', 'Altos de panama, calle E casa 95', '8-1155-1672', 151, 0, 'Aguilar', 'Diaz', '6673-7822', '', 569, 'NO', 581, 1.15, NULL, 'Sarai', 'Diaz', '', '6673-7822', '387-5086', '2-711-1105', '', NULL, 'Enrique', 620),
	('Stefano', 'karinatallavo19@hotmail.com', NULL, 330, 55.00, '2007-05-31', '2018-04-23', 1, 0, '388-8478', 'Condado del rey Ph Rokas Torre 500 Apto 18D', '067155659', 152, 0, 'Centeno', 'Tallavo', '62925615', '', 575, 'NO', 584, 1.58, NULL, 'Karina ', 'tallavo', '', '62925615', '3888478', '067649040', '', NULL, 'Alesandro', 0),
	('Jose', 'bibianavallejo@gmail', NULL, 330, 61.00, '2008-09-03', '2016-02-19', 1, 332, '391-9988', 'Paseo Dorado casa 60', '8-1070-704', 153, 0, 'Lutrell', 'Vallejo', '66186569', '', 571, 'NO', 583, 1.31, NULL, 'Bibiana ', 'Vallejo', '', '6618-6569', '3919988', '', '', NULL, 'Manuel', 620),
	('Sofia', 'joselutrell@gmail.com', NULL, 331, 76.00, '2007-07-23', '2016-02-19', 1, 332, '3919988', 'Paseo Dorado Casa 60', '8-1054-808', 154, 0, 'Lu', 'Vallejo', '66129702', '', 571, 'Acaros', 584, 1.33, NULL, 'Jose ', 'Lutrell', '', '66129702', '3919988', '8-8-95673', '', NULL, 'Elena', 620),
	('Matias', 'gonzalezbeverly@gmail.com', NULL, 330, 30.00, '2013-07-25', '2017-07-01', 1, 334, '230-3124', 'Residencial el bosque, calle llas acacias caasa 33B', '8-1145-704', 155, 0, 'Gutierrez', 'Gonzalez', '66768040', '', 569, 'NO', 581, 1.10, NULL, 'Beverly', 'Go', '', '6676-8040', '2303124', '8-771-289', '', NULL, 'Alejandro', 620),
	('Jesus', 'e_saavedra_4@hotmail.com', NULL, 330, 55.00, '2012-08-12', '2016-09-28', 1, 334, '66787152', 'Condado del rey casa L217', '6-732-1702', 156, 0, 'Lee', 'Saavedra', '69973875', '', 569, 'Acaros y pelos de animales', 585, 1.20, NULL, 'Ericka', 'Saavedra', '', '69973875', '', '6-81-36', '', NULL, 'Adrian', 620),
	('Luis', 'teresinaconte@gmail.com', NULL, 330, 25.00, '1969-12-31', '2016-06-20', 1, 332, '66663131', 'Condado del rey Ph Rokas Torre 2 apto 23A', '8-1115-216', 157, 0, 'Milord', 'Conte', '65111587', '', 571, 'NO', 584, 1.15, NULL, 'Teresina', 'Conte', '', '65111587', '', '8-713-2322', '', NULL, 'Antonio', 620),
	('Max', 'inat27@yahoo.com', NULL, 330, 30.00, '2012-10-31', '2016-04-20', 1, 334, '394-8356', 'Desconocida', '8-1133-802', 158, 0, 'Miranda', 'Fernandez', '6619-5880', '', 569, 'NO', 585, 1.15, NULL, 'Natani', 'Fernandez', '', '6619-5880', '394-8356', '8-702-2471', '', NULL, 'Enrique', 620),
	('Juan', 'desconocido@hotmail.com', NULL, 330, 60.00, '2008-10-20', '2016-08-07', 1, 332, '390-1266', 'Condado del rey Edificio Green park Torre 100 Apto 3a', '9-999-9999', 159, 0, 'Simons', 'Quiel', '6781-8590', '', 569, 'NO', 587, 1.31, NULL, 'Dalys ', 'Quiel', '', '67818590', '', '9-999-9999', '', NULL, 'David', 620),
	('Diego', 'dqquiel@cableonda.net', NULL, 330, 38.00, '2007-03-16', '2018-07-30', 1, 332, '3901266', 'Condado del rey Ph green park torre 100 apto 3A', '9-999-9999', 160, 0, 'Simons', 'Quiel', '67818590', '', 569, 'NO', 587, 1.31, NULL, 'Dalys', 'Quiel', '', '67818590', '', '8-482-165', '', NULL, 'Andres', 620),
	('Lucia ', 'ibeth1976@hotmail.com', NULL, 331, 60.00, '2010-07-22', '2017-03-13', 1, 334, '302-4728', 'Condado del rey edificio condado country club torre 200 apto 11D', '9-999-9999', 161, 0, 'Gomez', 'La Grotta', '6004-0969', '', 569, 'Colorantes', 586, 1.30, NULL, 'Noemi', 'La grotta', '', '60040969', '', '8-505-242', '', NULL, 'Isabel', 620),
	('Bladimir', 'irisb301@gmail.com', NULL, 330, 35.00, '2009-08-21', '2017-06-05', 1, 334, '230-6816', 'Condado del rey, Ph Green Park Torre 100 apto 13D', '8-1084-1104', 162, 0, 'Becerra', 'Bethancourt', '6747-0371', '', 573, 'NO', 586, 1.30, NULL, 'Iris', 'Bethancourt', '', '6747-0371', '230-6816', '8-725-2364', '', NULL, 'Andres', 620),
	('Bryan', 'desconocidos@server.com', NULL, 330, 22.00, '2013-01-15', '2018-07-31', 1, 334, '230-5499', 'Desconocida', '9-999-9999', 163, 0, 'Ng', 'Chen', '6528-4948', '', 0, 'NO', 582, 1.15, NULL, 'Fong', 'Ng', '', '6528-4948', '230-3710', 'F- 8-62603', '', NULL, '', 620),
	('Orlando', 'desconocidos@hotmail.com', NULL, 330, 22.00, '2011-02-14', '2016-04-26', 1, 334, '2305499', 'DESCONOCIDA', '9-999-9999', 164, 0, 'Wu', 'Chen', '6528-4948', '', 573, 'NO', 582, 1.15, NULL, 'Fong', 'Chen', '', '6528-4948', '399-8888', '', '', NULL, '', 620),
	('Santiago', 'audrychacon1@gmail.com', NULL, 330, 23.00, '2014-04-28', '2018-06-25', 1, 334, '69326881', 'Condado del rey Green Park Torre 500 ', '093632427', 165, 0, 'Atencio', 'Chacon', '', '', 569, 'Picadas', 586, 1.20, NULL, 'Audry', 'Chacon', '', '6932-6881', '', '9-999-9999', '', NULL, 'Andres', 620),
	('Osvaldo', 'osvaldobarria@yahoo.com', NULL, 330, 20.00, '2011-12-09', '2016-10-12', 1, 334, '394-2057', 'Desconocida', '9-999-9999', 166, 0, 'Barria', 'Dubarran', '6245-5707', '', 569, 'NO', 585, 1.04, NULL, 'Osvaldo', 'Barria', '', '62455707', '', '8-718-1161', '', NULL, 'Andres', 620),
	('Camila', 'deimerys_diaz@yahoo.com', NULL, 331, 30.00, '2009-08-19', '2016-12-07', 1, 334, '6616-8575', 'Condado del rey Green Park Torre 500 Apto 8C', '9-999-9999', 167, 0, 'Macias', 'Diaz', '6118-6750', '', 569, 'NO', 586, 1.15, NULL, 'Arian', 'Macias', '', '6118-6750', '', '8-710-2178', '', NULL, 'Isabel', 620),
	('Marcelo', 'knino64@hotmail.com', NULL, 330, 14.50, '2013-10-08', '2017-01-18', 1, 334, '65890646', 'Desconocida', '9-999-9999', 168, 0, 'Gonzalez', 'Atencio', '', '', 569, 'NO', 581, 1.05, NULL, 'Miguel', 'Gonzalez', '', '65890646', '', '9-999-9999', '', NULL, 'Andre', 620),
	('Mauro', 'desconocidoss@hotmail.com', NULL, 330, 22.50, '2011-09-22', '2017-01-18', 1, 334, '6589-0646', 'Desconocida', '9-999-9999', 169, 0, 'Gonzalez', 'Atencio', '', '', 569, 'Mani y frutos secos', 582, 1.15, NULL, 'Mguel', 'Gonzalez', '', '6826-2804', '', '9-999-9999', '', NULL, 'Andre', 620),
	('Sebastian ', 'ntrejos67@hotmail.com', NULL, 330, 21.00, '2009-04-08', '2014-01-25', 1, 334, '230-4831', 'Bosque de los cibeles, casa 61', '8-1079-1079', 170, 0, 'Trejos', 'Moran', '', '', 569, 'picada de insectos', 582, 1.05, NULL, 'Noel', 'Trejos', '', '6618-2273', '230-4831', '4-712-1152', '', NULL, '', 620),
	('Alfonso ', 'alfonso.saldana@gmail.com', NULL, 330, 20.00, '2013-10-27', '2017-06-01', 1, 334, '388-3424', 'Urbanizacion Green Village, San miguelito Casa 5B', '9-999-9999', 171, 0, 'Saldaña', 'Corso', '', '', 569, 'NO', 582, 1.10, NULL, 'Alfonso', 'Saldaña', '', '6210-2160', '388-3424', '8-757-928', '', NULL, 'Enrique', 620),
	('Doraleen', 'cespedesdora@icloud.com', NULL, 331, 68.00, '1991-09-23', '2018-03-07', 1, 588, '230-1146', 'Sta Barbara Calle 1 Casa 2', '8-851-1146', 172, 0, 'Cespedes', 'Castillo', '6550-0127', '', 569, 'NO', 564, 1.69, NULL, 'Doraleen', 'Cespedes', '', '', '', '8-851-724', '', NULL, 'Odellis', 620),
	('Ethan ', 'elenprado@hotmail.com', NULL, 330, 25.00, '2012-09-03', '2017-06-01', 1, 334, '6823-2619', 'Bethania, calle h', '9-999-9999', 173, 0, 'Tate', 'Prado', '', '', 569, 'NO', 581, 1.10, NULL, 'Jeannette', 'Prado', '', '6150-8832', '', '8-735-1321', '', NULL, 'Patrick', 620),
	('Sebastian ', 'desconocidoss@gmail.com', NULL, 330, 23.00, '2011-09-08', '2016-06-13', 1, 334, '391-3751', 'Desconocida', '9-999-9999', 174, 0, 'Valdes', 'Hassidoff', '', '', 569, 'NO', 584, 1.10, NULL, 'Maria del pilar', ' Hassidoff', '', '66733014', '', '4-713-28', '', NULL, 'Daniel', 620),
	('Alejandro', 'dora2826@hotmail.com', NULL, 330, 34.00, '2011-02-17', '2016-08-26', 1, 334, '6379-4724', 'Linda Vista Calle G', '9-999-9999', 175, 0, 'Henry', 'Batista', '', '', 571, 'NO', 586, 1.25, NULL, 'Doralis', 'Batista', '', '63794724', '', '9-708-834', '', NULL, 'Jose', 620),
	('Oscar ', 'liu_gloria@hotmail.com', NULL, 330, 40.00, '2010-08-31', '2016-01-08', 1, 334, '69835582', 'Condado del Rey', '8-1099-1603', 176, 0, 'Wu', 'Liu', '', '', 569, 'Polvo, cucaracha, polen', 584, 1.20, NULL, 'Indefinido', '', '', '69835582', '', '9-999-9999', '', NULL, 'Andres', 620),
	('Kumar', 'y.rivera@motta-int.com', NULL, 330, 35.00, '2003-11-05', '2016-01-21', 1, 332, '388-7873', 'Condado del Rey, Rokas torre 3', '9-999-9999', 177, 0, 'Mayari', 'Rivera', '', '', 569, 'Lactosa', 586, 1.20, NULL, 'Yoel', 'Rivera', '', '66783059', '', '', '', NULL, 'Joel', 620),
	('Juan', 'maricarmen13@yahoo.com', NULL, 330, 16.30, '2012-09-21', '2016-08-08', 1, 334, '394-1312', 'Altos de Panama, Bosque de los cibeles', '9-999-9999', 178, 0, 'Pinilla', 'Giraldez', '', '', 571, 'NO', 581, 1.15, NULL, 'Maricarmen', 'Giraldez', '', '6616-3279', '', '8-726-1575', '', NULL, 'Diego', 620),
	('Carlos', 'alquilobath@cableonda.net', NULL, 330, 45.00, '2009-10-06', '2016-08-10', 1, 334, '2032035', 'Altos de Panama, Edificio McGregor Valley', '8-1086-1270', 179, 0, 'Hidrogo', 'Tapia', '', '', 579, 'NO', 582, 1.18, NULL, 'Ivonne', 'Tapia', '', '66747071', '', '8-505-703', '', NULL, 'Juan', 620),
	('Eduardo', 'esparzer@gmail.com', NULL, 330, 45.00, '2003-10-16', '2016-08-02', 1, 332, '69801411', 'Altos de Santa Maria', '8-1001-1048', 180, 0, 'Angulo', 'Torres', '', '', 571, 'NO', 586, 1.35, NULL, 'Cristopher ', ' Esparzer', '', '6980-1411', '', '1163483714', '', NULL, 'Isaac', 620),
	('Eli', 'kathaniac@hotmail.com', NULL, 330, 30.00, '2010-10-30', '2017-01-01', 1, 334, '390-5316', 'Altos de Panama, calle J casa 120', '8-1057-1556', 181, 0, 'Gutierrez', 'Camarena', '', '', 569, 'NO', 586, 1.15, NULL, 'Kathania', 'Camarena', '', '6671-2416', '', '6-707-1101', '', NULL, 'Daniel', 620),
	('Luciano', 'k_rol7@hotmail.com', NULL, 330, 28.00, '2011-11-20', '2017-05-29', 1, 334, '394-1720', 'Desconocida', '8-1120-839', 182, 0, 'Celis', 'Arguedas', '', '', 569, 'Mani', 586, 1.12, NULL, 'Carolina', 'Celis', '', '6619-9142', '', 'E- 8-91277', '', NULL, 'Abdiel', 620),
	('Ian', 'sharypinedamojica@gmail.com', NULL, 330, 25.00, '2017-03-06', '2017-02-06', 1, 334, '6498-0896', 'Condado del rey, Edificio Terrazas del Rey Torre 300 Apto 5E', '9-999-9999', 183, 0, 'Cedeño', 'Pineda', '', '', 569, 'NO', 582, 1.15, NULL, 'Shariel', 'Pineda', '', '6920-9898', '', '8-812-1838', '', NULL, 'Marcelo', 620),
	('Sara', 'aguilera.josefina2008@gmail.com', NULL, 331, 42.00, '2011-04-19', '2017-02-06', 1, 334, '397-9429', 'El Bosque Casa 24', '8-1109-117', 184, 0, 'Morales', 'Aguilera', '', '', 569, 'Colorantes, Acaros', 582, 1.17, NULL, 'Josefina', 'Aguilera', '', '6215-9551', '', '8-496-599', '', NULL, 'Judith', 620),
	('Gianluca', 'elisadenias@hotmail.com', NULL, 330, 16.00, '2013-09-18', '2018-08-01', 1, 334, '397-2249', 'Bosques de los cibeles, Casa 135', '8-1147-1130', 185, 0, 'Bemporad', 'Denis', '', '', 569, 'Mani y Nueces', 581, 1.00, NULL, 'Elisa', 'Denis', '', '6616-3237', '', '8-738-860', '', NULL, '', 620),
	('Marcelo', 'marielacaldeira@hotmail.com', NULL, 330, 25.00, '2010-04-20', '2016-09-22', 1, 333, '209-7584', 'Condado de Rey, Ph Green Park Torre 400 Apto 8D', '9-999-9999', 186, 0, 'Puma', 'Caldeira', '', '', 571, 'NO', 583, 1.30, NULL, 'Mariela', 'Caldeira', '', '6770-7300', '', 'P279253', '', NULL, '', 620),
	('Luca', 'marcovagnarelli@yahoo.es', NULL, 330, 25.00, '2014-01-07', '2016-09-09', 1, 334, '6022-6636', 'Desconcocida', '097655844', 187, 0, 'Vagnarelli', 'Suarez', '', '', 569, 'NO', 582, 1.15, NULL, 'Elena', 'Suarez', '', '6022-6636', '', '068130950', '', NULL, 'Orlando', 620),
	('Franco', 'indefinido@hotmail.com', NULL, 330, 22.00, '2012-08-02', '2016-09-22', 1, 334, '390-1447', 'Bosque de los cibeles', '8-1129-776', 188, 0, 'Rebolledo', 'Villalobos', '', '', 569, 'Leche, huevos', 582, 1.10, NULL, 'Maria ', 'Villalobos', '', '6780-3494', '', '8-748-403', '', NULL, 'Jose', 620),
	('Moises', 'aceleradorpanama@gmail.com', NULL, 330, 30.00, '2010-12-03', '2017-08-14', 1, 332, '387-9973', 'Residencial Variloche casa #14', '9-999-9999', 189, 0, 'Batista', 'Pinto', '', '', 571, 'Camaron', 585, 1.15, NULL, 'Wilberto', 'Batista', '', '6806-7704', '', '8-410-985', '', NULL, 'Alexander', 620),
	('Gabriel ', 'luisapappe@gmail.com', NULL, 330, 40.00, '2018-08-01', '2017-07-20', 1, 333, '399-1557', 'Altamira Gardens.', '9-999-9999', 190, 0, 'Pappe', 'Nuñez', '', '', 571, 'NO', 585, 1.20, NULL, 'Luisa', 'Nuñez', '', '6635-4368', '', '14-044-1068', '', NULL, 'Alejandro', 620),
	('Sergio', 'desconocio@hotmail.com', NULL, 330, 52.00, '2001-07-21', '2014-04-01', 1, 588, '277-0903', 'Mirador Hill', '9-999-9999', 191, 0, 'Martinez', 'Laguna', '', '', 573, 'NO', 563, 1.61, NULL, 'Diana', 'Laguna', '', '67802803', '', '', '', NULL, 'Camilo', 620),
	('Maria', 'enegada@hotmail.com', NULL, 331, 40.00, '2011-09-17', '2016-04-06', 1, 334, '398-4709', 'desconocida', 'C01310439', 192, 0, 'Espinosa', 'Almanza', '', '', 569, 'Medio Ambiente', 581, 1.25, NULL, 'Enegada', 'Almanza', '', '6574-5185', '', 'C0131051', '', NULL, 'Camila', 620),
	('Andrea', 'melvinespinoza@hotmail.com', NULL, 331, 50.00, '2010-01-27', '2016-04-06', 1, 334, '398-4709', 'Desconocida', 'C01310440', 193, 0, 'Espinosa', 'Almanza', '', '', 569, 'NO', 581, 1.31, NULL, 'Enegada', 'Almanza', '', '65745185', '', 'C01310511', '', NULL, 'Camila', 620),
	('Juan', 'mmcvonlindeman@yahoo.com', NULL, 330, 45.00, '2010-09-04', '2016-04-15', 1, 0, '225-9638', 'Desconocida', '8-1099-417', 194, 0, 'Lombardi', 'Von Linderman', '', '', 571, 'Polvo', 582, 1.30, NULL, 'Maria', 'Von Limdeman', '', '6006-7100', '', '8-492-132', '', NULL, 'Carlos', 0),
	('Brian', 'karitzasp@yahoo.com', NULL, 330, 50.00, '2009-10-30', '2016-04-01', 1, 332, '394-2441', 'Dorado Lake, Lake view #52', '8-108-7958', 195, 0, 'Solis', 'Santamaria', '', '', 571, 'NO', 584, 1.40, NULL, 'Karitza', 'Santamaria', '', '6679-8535', '', '9-999-9999', '', NULL, 'Andre', 620),
	('Luis', 'karol.tello@tahoo.com', NULL, 330, 45.00, '2010-02-02', '2016-06-16', 1, 334, '392-4083', 'Condado del Rey Kings Park, torre 100 ', '8-1091-246', 196, 0, 'Espino', 'Tello', '', '', 579, 'NO', 584, 1.37, NULL, 'Karol', 'Tello', '', '6697-1812', '', '6-708-540', '', NULL, 'Guillermo', 620),
	('Lilian', 'leilia.lilian@gmail.com', NULL, 331, 58.00, '2000-11-17', '2016-06-01', 1, 588, '277-3891', 'Edificio Ecco Tower, piso 22', '8-965-950', 197, 0, 'Lau', 'Cabarcas', '', '', 569, 'Piña', 587, 1.59, NULL, 'Federico', 'Lau', '', '6673-2415', '', '8-240-947', '', NULL, 'Mercedes', 620),
	('Jorge', 'marissa_medina@hotmail.com', NULL, 0, 53.00, '2018-08-07', '2016-08-02', 1, 332, '230-5166', 'Altos De Panama, Bosques de los cibeles Casa #52', '8-1032-1464', 198, 0, 'Medina', 'Villas-Garcia', '', '', 569, 'NO', 584, 1.50, NULL, 'Marissa', 'Villar-Garcia', '', '6675-2071', '', '8-721-2407', '', NULL, 'Luis', 0),
	('Alphonse', 'karla.cambridge@gmail.com', NULL, 330, 45.00, '2012-02-16', '2016-08-01', 1, 334, '229-7585', 'Condado del Rey, Horizontes, Ph 4 Horizontes Torre 200 4D', '8-1122-1297', 199, 0, 'Phillips', 'Cambridge', '', '', 575, 'NO', 583, 1.38, NULL, 'Karla', 'Cambridge', '', '6981-1529', '', 'E-8-98048', '', NULL, 'Michael', 620),
	('Juan', 'tluma784@gmail.com', NULL, 330, 45.00, '2008-06-09', '2016-04-04', 1, 334, '3990761', 'Kings Park Torre 400', 'A0961775', 200, 0, 'tellez', 'Martinez', '', '', 569, 'NO', 582, 1.35, NULL, 'Yorina', 'Marinez', '', '62483876', '', 'A0981362', '', NULL, 'David', 620),
	('Diego', 'otrodesconocido@gmail.com', NULL, 330, 30.00, '2003-09-02', '2018-08-07', 1, 332, '277-0903', 'Mirador Hill', '9-999-9999', 201, 0, 'Martinez', 'Laguna', '', '', 573, 'NO', 563, 1.45, NULL, 'Raul', 'Martinez', '', '65099653', '', '9-999-9999', '', NULL, 'Raul', 620),
	('Russell', 'gladys_029@yahoo.com', NULL, 330, 55.00, '2012-05-01', '2015-01-22', 1, 334, '62342179', 'Altos de Panama', '8-1125-1311', 202, 0, 'Gomez', 'Miranda', '', '', 569, 'NO', 585, 1.28, NULL, 'Gladys', 'Miranda', '', '62342179', '', '9-999-9999', '', NULL, 'Enrique', 620),
	('Camila', 'edgar.corro1024@gmail.com', NULL, 331, 35.00, '2012-01-04', '2017-06-27', 1, 334, '391-5325', 'Altos de Panama Casa #79', '8-1189-2437', 203, 0, 'Coro', 'Arauz', '', '', 572, 'NO', 584, 1.25, NULL, 'Edgar', 'Corro', '', '6671-7024', '', '8-461-614', '', NULL, 'Isabel', 620),
	('Chael', 'lizka.silvera@gmail.com', NULL, 330, 36.00, '2016-04-05', '2016-07-21', 1, 334, '397-6551', 'Desconocida', '8-1124-2102', 204, 0, 'Keene', 'Silvera', '', '', 573, 'NO', 580, 1.10, NULL, 'Lizka', 'Silvera', '', '6129-4836', '', '8-755-79', '', NULL, 'Mattehew', 0),
	('Donald ', 'glodo@cwpanama.net', NULL, 330, 52.00, '2009-08-03', '2017-07-07', 1, 333, '230-1560', 'Dorado Spring', '8-1083-1529', 205, 0, 'Espino', 'Smith', '', '', 569, 'NO', 584, 1.48, NULL, 'Donald', 'Espino', '', '6765316', '', '8-520-582', '', NULL, 'Antonio', 620),
	('Mia', 'liligomez2179@gmail.com', NULL, 331, 45.00, '2006-01-13', '2017-07-05', 1, 332, '396-8827', 'Villas de cerro lindo Jose Domingo Espinar', '8-1031-1568', 206, 0, 'Alcovo', 'Gomez', '', '', 569, 'NO', 586, 1.58, NULL, 'Liliana ', 'Gomez', '', '6289-99-19', '', '8-1031-1568', '', NULL, 'Victoria', 620),
	('Christian ', 'sgonzalez0728@yahoo.com', NULL, 330, 45.00, '2013-02-27', '2017-08-17', 1, 334, '62254587', 'Condado del rey casa 102 despues del puente', '8-1138-2073', 207, 0, 'Urbina', 'Gonzalez', '', '', 569, 'NO', 582, 1.25, NULL, 'sharon', 'Gonzalez', '', '6225-4587', '', '8-768-861', '', NULL, 'Aaron', 620),
	('Nathalia', 'ntrejos.67@hotmail.com', NULL, 331, 65.00, '1969-12-31', '2017-08-21', 1, 334, '230-4831', 'Bosque ', '8-1122-1809', 208, 0, 'Trejos', 'Moran', '', '', 569, 'NO', 584, 1.25, NULL, 'Noel', 'Trejos', '', '', '', '9-712-1162', '', NULL, '', 620),
	('Henry', 'obfrago60@gmail.com', NULL, 330, 45.00, '2009-11-09', '2017-08-25', 1, 334, '230-6263', 'Dorado Lakes', '9-999-9999', 209, 0, 'Rosas', 'Nuñez', '', '', 569, 'NO', 585, 1.31, NULL, 'Orlando', 'Barria', '', '6271-3853', '', '4-256-405', '', NULL, 'Jesus', 620),
	('John', 'yoris@suplidoraexpress.com', NULL, 330, 50.00, '2003-10-05', '2017-08-21', 1, 332, '6674-8584', 'Altos de sanatamaria calle principal casa 168A', '9-999-9999', 210, 0, 'Morales', 'Samudio', '', '', 575, 'NO', 586, 1.50, NULL, 'Yoris', 'Morales', '', '6948-4970', '', '4-217-74', '', NULL, 'Alejandro', 620),
	('Sofia', 'desconocido2@hotmail.com', NULL, 331, 17.50, '2012-12-03', '2017-10-01', 1, 334, '6298-8253', 'Urbanización Santa Barbara calle segunda', '9-999-9999', 211, 0, 'Ceballos', 'Duran', '', '', 569, 'NO', 582, 1.31, NULL, 'Jose ', 'Guillermo', '', '6670-7776', '', 'E8-75588', '', NULL, 'Valentina', 620),
	('Jose', 'desconocido3@hotmail.com', NULL, 330, 68.00, '2003-10-01', '2017-10-04', 1, 332, '62988253', 'Urbanización Santa Barbara', '9-999-9999', 212, 0, 'Ceballos', 'Urriola', '', '', 569, 'NO', 585, 1.70, NULL, 'Jose', 'Guillermo', '', '62531424', '', 'E8-75588', '', NULL, 'Guillermo', 620),
	('Carlos', 'desconocido4@gmail.com', NULL, 330, 55.00, '2001-09-07', '2017-10-25', 1, 588, '69495303', 'Altos de panamá entrando por la Riviera casa 23', '9-999-9999', 213, 0, 'Chacon', 'Gomez', '', '', 571, 'NO', 563, 1.65, NULL, 'Luis Carlos', 'Chacon', '', '69495303', '', '7-93-1652', '', NULL, 'Arturo', 620),
	('Chloe', 'jlamc@yahoo.com', NULL, 331, 65.00, '2003-01-24', '2017-11-21', 1, 332, '393-6022', 'Altos de panamá casa #9', '8-991-1704', 214, 0, 'Liabeuf', 'Lam', '', '', 569, 'NO', 586, 1.68, NULL, 'Julissa', 'Lam', '', '6070-7577', '', '8-517-1368', '', NULL, 'Julie', 620),
	('Daniel', 'dancam2909@hotmail.com', NULL, 330, 42.00, '2006-11-18', '2018-01-08', 1, 334, '3995431', 'Dorado Spring Casa #102', '8-1043-1739', 215, 0, 'Camazon', 'Janomico', '', '', 569, 'NO', 585, 1.50, NULL, 'Daniel', 'camazon', '', '', '', '8-579-1424', '', NULL, 'Enrique', 620),
	('Luis', 'luisaco025@gmail.com', NULL, 330, 35.00, '2009-07-25', '2018-04-01', 1, 334, '66187502', 'desconocida', '9-999-9999', 216, 0, 'Acosta', 'De gracia', '', '', 571, 'NO', 586, 1.25, NULL, 'luis', 'Acosta', '', '6618-7502', '', '4-273-465', '', NULL, 'Alfredo', 620),
	('Carolina', 'bibianavallejo@gmail.com', NULL, 331, 36.00, '2011-07-27', '2016-02-19', 1, 334, '391-9988', 'Paseo Dorado', '8-1113-58', 217, 0, 'Lutrell', 'Vallejo', '', '', 571, 'NO', 581, 1.03, NULL, 'Bibiana', 'Vallejo', '', '6618-6569', '', '8-8-95673', '', NULL, 'Maria', 620),
	('Diego', 'lmartinez@localizatumedio.com', NULL, 330, 45.00, '2012-02-18', '2017-06-05', 1, 334, '203-3743', 'Condado del Rey, Edificio Rokas Torre 2 Apartamento 3A', '8-1122-401', 218, 0, 'Martinez', 'Daza', '', '', 571, 'NO', 586, 1.20, NULL, 'Doissy', 'Daza', '', '64365208', '', '050797215', '', NULL, 'Alejandro', 620),
	('Luis', 'lmontezuma@hotmail.com', NULL, 330, 50.00, '2010-09-25', '2017-06-05', 1, 334, '3459235', 'Barriada Las estancias', '8-1101-1314', 219, 0, 'Montezuma', 'Ramos', '', '', 573, 'NO', 586, 1.31, NULL, 'Luz', 'Ramos', '', '69681269', '', 'E-8-91735', '', NULL, 'Ernesto', 620),
	('JAVIER', 'javieragustindecerega@gmail.com', '', 330, 29.00, '2008-03-28', '2014-08-01', 1, 334, '+50763792416', 'CONDADO DEL REY', '9-999-9999', 659, 0, 'DECEREGA', 'CALOBRIDES', '', '', 571, 'NO', 585, 1.31, NULL, 'JAVIER', 'DECEREGA', 'javieragustindecerega@gmail.com', '+50763792416', '', '', '', NULL, 'AGUSTIN', 620),
	('ALONSO', 'metf17@gmail.com', '', 330, 41.00, '2010-03-18', '2014-05-22', 1, 334, '60705445', 'HORIZONTES', '9-999-9999', 660, 0, 'SPINALLI', 'TEMPRANO', '', '', 571, 'PENISILINA', 585, 1.30, NULL, 'MARIE ', 'SPINALI', 'metf17@gmail.com', '60705445', '', '', '', NULL, '', 620),
	('JOSE', 'lidibeth@cableonda.net', 'lidibeth@cableonda.net', 330, 28.00, '2011-03-26', '2014-08-01', 1, 334, '66734454', 'DORADO LAKES', '8-1108-2145', 661, 0, 'RODRIGUEZ', 'POLANCO', '66734454', '66734454', 569, 'NO', 585, 1.20, NULL, 'LIDIBETH', 'DE RODRIGUEZ', 'lidibeth@cableonda.net', '66734454', '', '', '66734454', NULL, 'MANUEL', 620),
	('JOSE', 'natalie@afi.com.pa', '', 330, 23.00, '2011-11-05', '2014-07-01', 1, 334, '66183918', 'EL BOSQUE', '9-999-9999', 662, 0, 'ROSAS', 'MOYA', '', '', 571, 'NO', 584, 1.20, NULL, 'NATALIE', 'MOYA', 'natalie@afi.com.pa', '66183918', '', '', '', NULL, 'MARTIN', 620),
	('SANTIAGO', 'jenny.puga@gmail.com', 'jenny.puga@gmail.com', 330, 23.00, '2011-10-26', '2018-04-01', 1, 334, '66160919', 'condado del rey', '9-999-9999', 663, 0, 'ESPINOSA', 'PUGA', '66160919', '66160919', 569, 'NO', 584, 1.30, NULL, 'jenny', 'puga', 'jenny.puga@gmail.com', '', '', '', '66160919', NULL, 'EMILIO', 620);
/*!40000 ALTER TABLE `student` ENABLE KEYS */;

-- Volcando estructura para tabla dbbzk.system_codes
CREATE TABLE IF NOT EXISTS `system_codes` (
  `idsystem_codes` int(10) NOT NULL AUTO_INCREMENT,
  `system_code` varchar(10) COLLATE latin1_bin NOT NULL,
  `system_cod_description` varchar(80) COLLATE latin1_bin DEFAULT NULL,
  `system_cod_group` varchar(10) COLLATE latin1_bin NOT NULL,
  PRIMARY KEY (`idsystem_codes`)
) ENGINE=InnoDB AUTO_INCREMENT=639 DEFAULT CHARSET=latin1 COLLATE=latin1_bin COMMENT='system codes';

-- Volcando datos para la tabla dbbzk.system_codes: ~115 rows (aproximadamente)
/*!40000 ALTER TABLE `system_codes` DISABLE KEYS */;
INSERT INTO `system_codes` (`idsystem_codes`, `system_code`, `system_cod_description`, `system_cod_group`) VALUES
	(305, 'MATR00001', 'Matricula', 'PRODUCTS'),
	(306, 'CLAS00001', 'Clases Taekwondo - Mensualidad', 'PRODUCTS'),
	(307, 'CLAS00900', 'Clases Taekwondo - Diaria', 'PRODUCTS'),
	(308, 'CLAS00005', 'Clases Taekwondo - Especiales - Mensualidad', 'PRODUCTS'),
	(309, 'CLAS00002', 'Clases Taekwondo H2 - Mensualidad', 'PRODUCTS'),
	(310, 'CLAS00003', 'Clases Taekwondo H3 - Mensualidad', 'PRODUCTS'),
	(311, 'UNIF00001', 'Uniforme talla 110', 'PRODUCTS'),
	(312, 'UNIF00002', 'Uniforme talla 120', 'PRODUCTS'),
	(313, 'UNIF00003', 'Uniforme talla 130', 'PRODUCTS'),
	(314, 'UNIF00004', 'Uniforme talla 140', 'PRODUCTS'),
	(315, 'UNIF00005', 'Uniforme talla 150', 'PRODUCTS'),
	(316, 'UNIF00006', 'Uniforme talla 160', 'PRODUCTS'),
	(317, 'PETO00001', 'Peto 0', 'PRODUCTS'),
	(318, 'PETO00002', 'Peto 1', 'PRODUCTS'),
	(319, 'PETO00003', 'Peto 2', 'PRODUCTS'),
	(320, 'PETO00004', 'Peto 3', 'PRODUCTS'),
	(321, 'PROT00001', 'Protector de Mano XS y S', 'PRODUCTS'),
	(322, 'PROT00002', 'Protector de Pies XS y S', 'PRODUCTS'),
	(323, 'PROT00003', 'Protector de Mano M y L', 'PRODUCTS'),
	(324, 'PROT00004', 'Protector de Pies M y L', 'PRODUCTS'),
	(325, 'PROT00005', 'Protector de brazos XS, S, M y L', 'PRODUCTS'),
	(326, 'PROT00006', 'Protector de pierna y empeine XS, S, M y L', 'PRODUCTS'),
	(327, 'PROT00007', 'Protector genital S', 'PRODUCTS'),
	(328, 'TSHI00001', 'T-shirt de BZK ', 'PRODUCTS'),
	(329, 'TSHI00002', 'T-shirt Fans BZK', 'PRODUCTS'),
	(330, 'GENDER001', 'MASCULINO', 'GENDER'),
	(331, 'GENDER002', 'FEMENINO', 'GENDER'),
	(332, 'CATEGORY01', 'CADETE', 'CATEGORY'),
	(333, 'CATEGORY02', 'JUVENIL', 'CATEGORY'),
	(334, 'CATEGORY03', 'INFANTIL', 'CATEGORY'),
	(335, 'EMPLOY1001', 'ABOGADO ', 'EMPLOYMENT'),
	(337, 'EMPLOY1003', 'ADMINISTRATIVO', 'EMPLOYMENT'),
	(343, 'EMPLOY1009', 'ALMACENISTA', 'EMPLOYMENT'),
	(354, 'EMPLOY1020', 'ARQUITECTO', 'EMPLOYMENT'),
	(359, 'EMPLOY1025', 'ATLETA', 'EMPLOYMENT'),
	(360, 'EMPLOY1026', 'AUXILIAR', 'EMPLOYMENT'),
	(367, 'EMPLOY1033', 'BIÓLOGO', 'EMPLOYMENT'),
	(382, 'EMPLOY1048', 'DECORADOR', 'EMPLOYMENT'),
	(384, 'EMPLOY1050', 'DENTISTA', 'EMPLOYMENT'),
	(388, 'EMPLOY1054', 'DOCTOR', 'EMPLOYMENT'),
	(390, 'EMPLOY1056', 'ECONOMISTA', 'EMPLOYMENT'),
	(391, 'EMPLOY1057', 'EDUCADOR', 'EMPLOYMENT'),
	(393, 'EMPLOY1059', 'ENFERMERO', 'EMPLOYMENT'),
	(398, 'EMPLOY1064', 'ESTADÍSTICO', 'EMPLOYMENT'),
	(405, 'EMPLOY1071', 'FARMACÉUTICO', 'EMPLOYMENT'),
	(409, 'EMPLOY1075', 'FÍSICO', 'EMPLOYMENT'),
	(411, 'EMPLOY1077', 'FISIOTERAPEUTA', 'EMPLOYMENT'),
	(416, 'EMPLOY1082', 'FOTÓGRAFO', 'EMPLOYMENT'),
	(424, 'EMPLOY1090', 'GERENTE', 'EMPLOYMENT'),
	(426, 'EMPLOY1092', 'TRABAJADOR SOCIAL', 'EMPLOYMENT'),
	(438, 'EMPLOY1104', 'INFORMÁTICO', 'EMPLOYMENT'),
	(439, 'EMPLOY1105', 'INGENIERO', 'EMPLOYMENT'),
	(451, 'EMPLOY1117', 'MAESTRO', 'EMPLOYMENT'),
	(454, 'EMPLOY1120', 'MEDICO', 'EMPLOYMENT'),
	(476, 'EMPLOY1142', 'OFICINISTA', 'EMPLOYMENT'),
	(507, 'EMPLOY1173', 'PROFESOR', 'EMPLOYMENT'),
	(508, 'EMPLOY1174', 'PROGRAMADOR', 'EMPLOYMENT'),
	(512, 'EMPLOY1178', 'PSICÓLOGO', 'EMPLOYMENT'),
	(516, 'EMPLOY1182', 'PSIQUIATRA', 'EMPLOYMENT'),
	(517, 'EMPLOY1183', 'PUBLICISTA', 'EMPLOYMENT'),
	(538, 'EMPLOY1204', 'TÉCNICO', 'EMPLOYMENT'),
	(550, 'EMPLOY1216', 'VETERINARIO', 'EMPLOYMENT'),
	(563, 'SIZE001', 'SMALL', 'SIZES'),
	(564, 'SIZE002', 'MEDIUN', 'SIZES'),
	(565, 'SIZE003', 'LARGE', 'SIZES'),
	(566, 'SIZE004', 'XLARGE', 'SIZES'),
	(567, 'SIZE006', '2XL', 'SIZES'),
	(568, 'SIZE006', '3XL', 'SIZES'),
	(569, 'BLOODGRO02', 'O(+)', 'BLOODGRO'),
	(570, 'BLOODGRO03', 'A_', 'BLOODGRO'),
	(571, 'BLOODGRO04', 'A(+)', 'BLOODGRO'),
	(572, 'BLOODGRO05', 'B(_)', 'BLOODGRO'),
	(573, 'BLOODGRO07', 'B(+)', 'BLOODGRO'),
	(574, 'BLOODGRO08', 'AB(_)', 'BLOODGRO'),
	(575, 'BLOODGRO09', 'AB(+)', 'BLOODGRO'),
	(576, 'PAGO001', 'EFECTIVO', 'PAYMENTS'),
	(577, 'PAGO002', 'CHEQUE', 'PAYMENTS'),
	(578, 'PAGO003', 'ACH', 'PAYMENTS'),
	(579, 'BLOODGRO01', 'O_', 'BLOODGRO'),
	(580, 'SIZE007', '4', 'SIZES'),
	(581, 'SIZE008', '6', 'SIZES'),
	(582, 'SIZE009', '8', 'SIZES'),
	(583, 'SIZE010', '10', 'SIZES'),
	(584, 'SIZE011', '12', 'SIZES'),
	(585, 'SIZE012', '14', 'SIZES'),
	(586, 'SIZE013', '16', 'SIZES'),
	(587, 'SIZE014', '18', 'SIZES'),
	(588, 'CATEGORY04', 'ADULTO', 'CATEGORY'),
	(590, 'EMPLOY1230', 'COMERCIANTE ', 'EMPLOYMENT'),
	(591, 'EMPLOY1231', 'OTRO', 'EMPLOYMENT'),
	(592, 'CAMBIO001', 'Cambio de cinta Gris', 'CAMBCINTA'),
	(593, 'CAMBIO002', 'Cambio de cinta Amarilla', 'CAMBCINTA'),
	(594, 'CAMBIO003', 'Cambio de cinta Naranja', 'CAMBCINTA'),
	(595, 'CAMBIO004', 'Cambio de cinta Verde', 'CAMBCINTA'),
	(596, 'CAMBIO005', 'Cambio de cinta Morado', 'CAMBCINTA'),
	(597, 'CAMBIO006', 'Cambio de cinta Azul', 'CAMBCINTA'),
	(598, 'CAMBIO007', 'Cambio de cinta Marrón', 'CAMBCINTA'),
	(599, 'CAMBIO008', 'Cambio de cinta Roja', 'CAMBCINTA'),
	(600, 'CAMBIO009', 'Cambio de cinta Punta Negra', 'CAMBCINTA'),
	(601, 'CAMBIO010', 'Cambio de cinta Estrellas', 'CAMBCINTA'),
	(620, 'EMPLOY1209', 'ESTUDIANTE', 'EMPLOYMENT'),
	(623, 'CAMBIO001', 'Cambio de cinta Gris', 'CAMBCINTA'),
	(624, 'CAMBIO002', 'Cambio de cinta Amarilla', 'CAMBCINTA'),
	(625, 'CAMBIO003', 'Cambio de cinta Naranja', 'CAMBCINTA'),
	(626, 'CAMBIO004', 'Cambio de cinta Verde', 'CAMBCINTA'),
	(627, 'CAMBIO005', 'Cambio de cinta Morado', 'CAMBCINTA'),
	(628, 'CAMBIO006', 'Cambio de cinta Azul', 'CAMBCINTA'),
	(629, 'CAMBIO007', 'Cambio de cinta Marrón', 'CAMBCINTA'),
	(630, 'CAMBIO008', 'Cambio de cinta Roja', 'CAMBCINTA'),
	(631, 'CAMBIO009', 'Cambio de cinta Punta Negra', 'CAMBCINTA'),
	(632, 'CAMBIO010', 'Cambio de cinta Estrellas', 'CAMBCINTA'),
	(633, 'INSCRI001', 'Inscripción a Torneo de Copa BZK', 'INSCRIPCIO'),
	(634, 'INSCRI002', 'Inscripción a torneos de Taekwondo', 'INSCRIPCIO'),
	(635, 'OTROS001', 'Pijamada', 'OTROS'),
	(636, 'CLAS00004', 'Clases especiales Taekwondo Mensualidad', 'PRODUCTS'),
	(637, '1001', 'EDITAR', 'SYSACCION'),
	(638, '1002', 'ELIMINAR', 'SYSACCION');
/*!40000 ALTER TABLE `system_codes` ENABLE KEYS */;

-- Volcando estructura para tabla dbbzk.system_dashboard
CREATE TABLE IF NOT EXISTS `system_dashboard` (
  `ID_SYS_DASHBOARD` int(10) NOT NULL AUTO_INCREMENT,
  `NAME` varchar(40) COLLATE latin1_bin DEFAULT NULL,
  `DESCRIPTION` varchar(255) COLLATE latin1_bin DEFAULT NULL,
  PRIMARY KEY (`ID_SYS_DASHBOARD`)
) ENGINE=InnoDB DEFAULT CHARSET=latin1 COLLATE=latin1_bin;

-- Volcando datos para la tabla dbbzk.system_dashboard: ~0 rows (aproximadamente)
/*!40000 ALTER TABLE `system_dashboard` DISABLE KEYS */;
/*!40000 ALTER TABLE `system_dashboard` ENABLE KEYS */;

-- Volcando estructura para tabla dbbzk.system_parameters
CREATE TABLE IF NOT EXISTS `system_parameters` (
  `PARAMETER _ID` int(11) NOT NULL,
  `DESCRIPTION` varchar(80) COLLATE latin1_bin NOT NULL,
  `DATE _CREATION` date NOT NULL,
  `EXPIRATION_DATE` date NOT NULL,
  `_KEY` varchar(40) COLLATE latin1_bin NOT NULL,
  `_VALUE` varchar(200) COLLATE latin1_bin DEFAULT NULL,
  `PARAMETER_ID` bigint(20) NOT NULL,
  `DATE_CREATION` datetime DEFAULT NULL,
  PRIMARY KEY (`PARAMETER _ID`)
) ENGINE=InnoDB DEFAULT CHARSET=latin1 COLLATE=latin1_bin COMMENT='PARAMETERS OF THE SYSTEM';

-- Volcando datos para la tabla dbbzk.system_parameters: ~1 rows (aproximadamente)
/*!40000 ALTER TABLE `system_parameters` DISABLE KEYS */;
INSERT INTO `system_parameters` (`PARAMETER _ID`, `DESCRIPTION`, `DATE _CREATION`, `EXPIRATION_DATE`, `_KEY`, `_VALUE`, `PARAMETER_ID`, `DATE_CREATION`) VALUES
	(1, 'Parametro de borrado de pdf en el servidor', '2018-08-12', '2999-12-31', 'PARAMETER_DELETE_PDF', '1', 0, NULL);
/*!40000 ALTER TABLE `system_parameters` ENABLE KEYS */;

-- Volcando estructura para tabla dbbzk.teacher
CREATE TABLE IF NOT EXISTS `teacher` (
  `FIRST_NAME` varchar(40) COLLATE latin1_bin NOT NULL,
  `LAST_NAME` varchar(40) COLLATE latin1_bin NOT NULL,
  `LAST_NAME2` varchar(40) COLLATE latin1_bin DEFAULT NULL,
  `CATEGORY` int(3) NOT NULL,
  `TELEPHONE_CONTACT` varchar(30) COLLATE latin1_bin DEFAULT NULL,
  `MAIL` varchar(50) COLLATE latin1_bin DEFAULT NULL,
  `DOC_ID` varchar(60) COLLATE latin1_bin NOT NULL,
  `ID_TEACHER` int(10) NOT NULL AUTO_INCREMENT,
  PRIMARY KEY (`ID_TEACHER`),
  UNIQUE KEY `ID_TEACHER` (`ID_TEACHER`)
) ENGINE=InnoDB DEFAULT CHARSET=latin1 COLLATE=latin1_bin;

-- Volcando datos para la tabla dbbzk.teacher: ~0 rows (aproximadamente)
/*!40000 ALTER TABLE `teacher` DISABLE KEYS */;
/*!40000 ALTER TABLE `teacher` ENABLE KEYS */;

-- Volcando estructura para tabla dbbzk.user
CREATE TABLE IF NOT EXISTS `user` (
  `id` int(7) NOT NULL AUTO_INCREMENT,
  `date_given_low` date DEFAULT NULL,
  `email` varchar(255) COLLATE latin1_bin DEFAULT NULL,
  `first_name` varchar(255) COLLATE latin1_bin DEFAULT NULL,
  `last_name` varchar(255) COLLATE latin1_bin DEFAULT NULL,
  `password` varchar(255) COLLATE latin1_bin DEFAULT NULL,
  `role` varchar(255) COLLATE latin1_bin DEFAULT NULL,
  `date_registration` date NOT NULL,
  `system_signature_name` varchar(40) COLLATE latin1_bin NOT NULL DEFAULT ' ',
  `host_authorized` varchar(256) COLLATE latin1_bin DEFAULT ' ',
  PRIMARY KEY (`id`),
  KEY `INDEX_SIGNATURE` (`system_signature_name`)
) ENGINE=InnoDB AUTO_INCREMENT=469 DEFAULT CHARSET=latin1 COLLATE=latin1_bin;

-- Volcando datos para la tabla dbbzk.user: ~1 rows (aproximadamente)
/*!40000 ALTER TABLE `user` DISABLE KEYS */;
INSERT INTO `user` (`id`, `date_given_low`, `email`, `first_name`, `last_name`, `password`, `role`, `date_registration`, `system_signature_name`, `host_authorized`) VALUES
	(2, NULL, 'bzk@admin', 'admin', 'admin', '$2a$10$pLij2JswyCheXlwaX6YjHeryOhOZPc/P93m4dHGfdK.VrMg1bAHpy', 'ROLE_ADMIN', '2018-05-26', 'ADMIN', ' '),
	(468, NULL, 'ruben@bzk', 'Ruben', 'Vega', '$2a$10$G9U0Uq2EcB/c8ri7nBUn7um0mVGCEB8Hq/CSpL1ZLCEE6QtUzUucW', 'ROLE_ADMIN', '2018-08-12', 'RUBENV', NULL);
/*!40000 ALTER TABLE `user` ENABLE KEYS */;

/*!40101 SET SQL_MODE=IFNULL(@OLD_SQL_MODE, '') */;
/*!40014 SET FOREIGN_KEY_CHECKS=IF(@OLD_FOREIGN_KEY_CHECKS IS NULL, 1, @OLD_FOREIGN_KEY_CHECKS) */;
/*!40101 SET CHARACTER_SET_CLIENT=@OLD_CHARACTER_SET_CLIENT */;
